품목(유형),MC
치즈,경성치즈
"돼지고기(냉동,정육(뼈없는것),돼지고기정육/지육)",수입돈육
"염소고기(냉동,지육,염소육및부산물)",수입부산물
버터,버터
혼합분유,조제분유
"소고기(냉동,건,소부산물)",수입부산물
"소고기(냉동,정육(뼈있는것),소고기정육/지육)",수입정육
"돼지고기(냉동,정육(뼈있는것),돼지고기정육/지육)",수입돈육
"소고기(냉장,횡격막,소부산물)",수입부산물
"소고기(냉장,정육(뼈없는것),소고기정육/지육)",수입부산물
"소고기(냉동,정육(뼈없는것),소고기정육/지육)",수입정육
"소고기(냉동,횡격막,소부산물)",수입부산물
"돼지고기(냉동,머리,돼지고기부산물)",수입부산물
"돼지고기(기타,돼지고기부산물)",수입부산물
양념육,양념구이용
"닭고기(냉동,발,닭고기부산물)",계육기타
"닭고기(냉동,날개,닭고기정육/지육)",윙.봉
"소고기(냉동,장,소부산물)",수입부산물
"소고기(냉동,위,소부산물)",수입부산물
"소고기(냉동,머리,소부산물)",수입부산물
"양고기(냉장,정육(뼈있는것),양고기및부산물)",수입부산물
"돼지고기(냉동,장,돼지고기부산물)",수입부산물
소시지,기타소시지
베이컨류,베이컨
"양고기(냉동,정육(뼈없는것),양고기및부산물)",수입부산물
"닭고기(냉동,다리,닭고기정육/지육)",닭부분육
달걀(알),가공기타
가공유크림,기타유제품류
"돼지고기(냉장,정육(뼈없는것),돼지고기정육/지육)",수입부산물
우유,멸균유
"소고기(냉동,기타,소부산물)",수입부산물
식육케이싱,가공기타
"소고기(냉동,간,소부산물)",수입부산물
"소고기(냉장,정육(뼈있는것),소고기정육/지육)",수입부산물
유당,기타유제품류
아이스크림,수입아이스크림
"닭고기(냉동,가슴,닭고기정육/지육)",닭부분육
유청단백분말,단백질보충용(파우더)
생햄,베이컨
발효소시지,가공기타
햄,슬라이스햄
"소고기(냉장,기타,소부산물)",수입부산물
"소고기(냉동,꼬리,소부산물)",수입부산물
"양고기(냉장,정육(뼈없는것),양고기및부산물)",수입부산물
난백분,계란가공(냉장)
"돼지고기(냉동,기타,돼지고기부산물)",수입부산물
"양고기(냉동,정육(뼈있는것),양고기및부산물)",수입부산물
"돼지고기(냉동,지방,돼지고기부산물)",수입부산물
가공버터,버터
농후발효유,액상농후발효유
"돼지고기(냉동,발,돼지고기부산물)",수입부산물
유청,기타유제품류
버터오일,버터
프레스햄,사각햄
아이스밀크,수입아이스크림
"돼지고기(냉동,횡격막,돼지고기부산물)",수입부산물
식육추출가공품,탕류
"소고기(냉장,혀,소부산물)",수입부산물
샤베트,막대아이스크림
비유지방아이스크림,기타유지류
가공치즈,가공치즈
"돼지고기(냉동,혀,돼지고기부산물)",수입부산물
영아용 조제유,조제분유
"양고기(냉동,대망막,양고기및부산물)",수입부산물
"돼지고기(냉동,위,돼지고기부산물)",수입부산물
쇼트닝,기타유지류
알가열제품,계란가공(냉장)
피단,가공기타
전지분유,기타유제품류
탈지분유,기타유제품류
식육함유가공품,계육가공(냉동)
"닭고기(냉동,기타,닭고기정육/지육)",닭부분육
"소고기(냉동,분쇄육,소고기정육/지육)",수입정육
"닭고기(냉동,근위,닭고기부산물)",계육기타
"돼지고기(냉동,지육,돼지고기정육/지육)",수입돈육
유크림,기타유제품류
"돼지고기(냉동,기계적분리육,돼지고기 정육/지육)",수입돈육
난황액,계란가공(냉장)
발효유,액상농후발효유
농후크림발효유,액상농후발효유
전란액,계란가공(냉장)
성장기용 조제유,조제분유
"돼지고기(냉동,목,돼지고기부산물)",수입부산물
"염소고기(냉동,정육(뼈있는 것),염소육및부산물)",수입부산물
유단백가수분해식품,단백질보충용(파우더)
혼합소시지,가공기타
난백액,계란가공(냉장)
"돼지고기(냉장,정육(뼈있는것),돼지고기정육/지육)",수입부산물
"소고기(냉동,심장,소부산물)",수입부산물
분쇄가공육제품,떡갈비
혼합제제,가공기타
가공연유,흰우유
자연치즈,가공치즈
"소고기(냉동,혀,소부산물)",수입부산물
"칠면조고기(냉동,절단육,칠면조육및부산물)",채소기타
버터유,버터
"소고기(냉동,흉선,소부산물)",수입부산물
볶은커피,원두커피
"소고기(냉장,꼬리,소부산물)",수입부산물
발효유분말,액상농후발효유
"소고기(냉동,발,소부산물)",수입부산물
가공유,기타유제품류
전란분,계란가공(냉장)
유함유가공품,기타유제품류
"양고기(냉동,머리,양고기및부산물)",수입부산물
아이스밀크믹스,가공기타
난황분,계란가공(냉장)
"양고기(냉동,목,양고기및부산물)",수입부산물
건조저장육류,육포
"닭고기(냉동,닭고기정육/지육)",닭부분육
"오리고기(냉동,절단육,오리육및부산물)",오리가공(냉동)
"양고기(냉동,위,양고기및부산물)",수입부산물
"양고기(냉동,간,양고기및부산물)",수입부산물
"소고기(냉동,지방,소부산물)",수입부산물
"양고기(냉동,기타,양고기및부산물)",수입부산물
"돼지고기(냉동,귀,돼지고기부산물)",수입부산물
"소고기(냉동,생식기,소부산물)",수입부산물
"소고기(냉동,기계적분리육,소고기정육/지육)",수입정육
"양고기(냉동,꼬리,양고기및부산물)",수입부산물
"소고기(냉동,식도,소부산물)",수입부산물
유당분해우유,흰우유
"소고기(냉동,췌장,소부산물)",수입부산물
"소고기(기타,소고기정육/지육)",수입정육
천연케이싱,국수
"닭고기(냉동,껍질,닭고기부산물)",계육기타
가당연유,가공기타
"닭고기(냉동,기타,닭고기부산물)",계육기타
"염소고기(냉동,간,염소육및부산물)",수입부산물
"양고기(냉동,신장,양고기및부산물)",수입부산물
"오리고기(냉동,오리육및부산물)",오리가공(냉동)
"칠면조고기(냉동,기타,칠면조육및부산물)",채소기타
기타 동물성가공식품,건기식기타
"양고기(냉동,지육,양고기및부산물)",수입부산물
"돼지고기(냉동,분쇄육,돼지고기정육/지육)",수입돈육
"염소고기(냉동,정육(뼈없는 것),염소육및부산물)",수입부산물
식용돈지,가공기타
"사슴고기(냉동,정육(뼈있는것),사슴육및부산물)",채소기타
"칠면조고기(냉동,칠면조육및부산물)",채소기타
"돼지고기(냉동,심장,돼지고기부산물)",수입부산물
"소고기(냉동,입술,소부산물)",수입부산물
"닭고기(냉동,간,닭고기부산물)",계육기타
"사슴고기(냉동,정육(뼈없는것),사슴육및부산물)",채소기타
"양고기(냉동,횡격막,양고기및부산물)",수입부산물
아이스크림믹스,가공기타
"양고기(냉동,혀,양고기및부산물)",수입부산물
"양고기(냉동,심장,양고기및부산물)",수입부산물
초산전분,가공전분
스테비올배당체,설탕
카복시메틸셀룰로스나트륨,주방잡화기타
5'-리보뉴클레오티드이나트륨,화학조미료
안식향산나트륨,가공기타
향료,가공기타
L-글루탐산나트륨,화학조미료
과산화수소제제,가공기타
과산화수소,가공기타
D-소비톨액,가공기타
효소처리스테비아,가공기타
소브산칼륨,주방잡화기타
폴리덱스트로스,주방잡화기타
글리세린지방산에스테르,가공기타
향료제제,가공기타
생효모,가공기타
복합영양소제품,종합비타민
스테아린산,가공기타
제삼인산칼륨,가공기타
올레오레진 캡시컴,럼/진
염화마그네슘,종합비타민
에리토브산나트륨,가공기타
산화마그네슘,종합비타민
염화암모늄,가공기타
구연산무수,가공기타
구연산결정,가공기타
젤라틴,가공기타
규조토건조,가공기타
비타민K2,종합비타민
L-아르지닌,단백질보충용(파우더)
글리신,가공기타
올레오레진 로즈메리,럼/진
탄산칼슘,주방잡화기타
카제인나트륨,기타유제품류
비타민C,종합비타민
효모추출물,천연조미료
타르색소제제,가공기타
ε-폴리리신,주방잡화기타
지방산과 자당의 에스테르,가공기타
비오틴,종합비타민
이소말트,가공기타
폴리글리세린지방산에스테르,주방잡화기타
L-트립토판,가공기타
황산마그네슘결정,종합비타민
염화칼슘,주방잡화기타
제삼인산칼슘,가공기타
석유왁스,가공기타
트랜스글루타미나아제,가공기타
프로테아제(세균성),가공기타
α-아밀라아제(세균성),가공기타
β-아밀라아제,가공기타
펙티나아제,가공기타
프로필렌글리콜,가공기타
D-말티톨,가공기타
피로인산나트륨무수,가공기타
구아검,가공기타
폴리글리시톨액액상,주방잡화기타
카복시메틸셀룰로스칼슘,주방잡화기타
말토게닉아밀라아제,가공기타
탄산수소나트륨,가공기타
아라비아검,가공기타
DL-알라닌,단백질보충용(파우더)
젖산나트륨,가공기타
결정셀룰로스,주방잡화기타
니코틴산아미드,가공기타
구연산삼나트륨2수염,가공기타
황산동,가공기타
글루콘산아연,가공기타
황산망간,가공기타
복합조미식품,기타조미료
산화전분,가공전분
펙틴,가공기타
L-메티오닌,가공기타
글리세린,가공기타
스테아린산칼슘,주방잡화기타
히드록시프로필인산이전분,가공기타
에리스리톨,설탕
조제해수염화마그네슘,종합비타민
트랜스글루코시다아제,가공기타
글루코오스이성화효소,가공기타
잔탄검,가공기타
카카오색소,가공기타
DL-메티오닌,가공기타
"정제,가공을거쳐야하는식품첨가물",가공기타
D-소비톨,가공기타
오징어먹물색소,오징어
치자황색소,가공기타
초산나트륨무수,가공기타
젤란검,가공기타
이노시톨,건기식기타
로커스트콩검,가공기타
건조효모(활성),홈베이킹부재료
덱스트라나아제,가공기타
히드록시시트로넬랄,가공기타
수크랄로스,설탕
말티톨액,가공기타
테아닌,스트레스관리
d-토코페롤(혼합형),가공기타
카라멜색소 Ⅲ,가공기타
카라멜색소 I,가공기타
탄산마그네슘,종합비타민
요오드칼륨,주방잡화기타
프로필렌글리콜지방산에스테르,가공기타
L-글루탐산나트륨제제,가공기타
침강실리카,가공기타
활성탄,가공기타
아세설팜칼륨,설탕
글루코아밀라아제,가공기타
식용색소청색제1호,가공기타
L-프롤린,단백질보충용(파우더)
α-아밀라아제(비세균성),가공기타
리파아제,가공기타
셀룰라아제,가공기타
심황색소,가공기타
L-아스코브산나트륨,가공기타
레시틴,가공기타
올레오레진 너트메그,럼/진
올레오레진 쿠민,럼/진
비타민B1질산염,종합비타민
에틸바닐린,가공기타
히드록시프로필전분,가공전분
이염화이소시아뉼산나트륨제제,가공기타
케르세틴,건기식기타
산성피로인산나트륨,가공기타
폴리인산나트륨,가공기타
메타인산나트륨,가공기타
초산비닐수지,주방잡화기타
아스파탐,설탕
이온교환수지입상,주방잡화기타
타우린,건기식기타
인산,가공기타
수산화나트륨무수,수산기타
산화아연,종합비타민
식용색소청색제1호알루미늄레이크,가공기타
식용색소청색제2호알루미늄레이크,가공기타
식용색소적색제40호알루미늄레이크,가공기타
식용색소황색제4호,가공기타
아스파라지나아제,가공기타
락타아제,가공기타
카페인무수,가공기타
폴리소르베이트 80,주방잡화기타
폴리소르베이트 60,주방잡화기타
우유응고효소,가공기타
히드록시프로필메틸셀룰로스,주방잡화기타
1제식팽창제제,가공기타
파프리카추출색소,가공기타
D-자일로오스,가공기타
액상효모,가공기타
아세틸아디프산이전분,가공전분
제이인산칼륨,가공기타
L-시스틴,단백질보충용(파우더)
카라기난,가공기타
카라멜색소 Ⅳ,가공기타
적무색소,가공기타
금박,가공기타
젖산,가공기타
L-히스티딘,가공기타
5'-구아닐산이나트륨,가공기타
5-이노신산이나트륨,가공기타
라우린산,가공기타
안나토색소,가공기타
카민,가공기타
히알루론산,이너뷰티
올레오레진 블랙페퍼,럼/진
낙산에틸,가공기타
글루콘산마그네슘무수,가공기타
β-시클로덱스트린,가공전분
황납,가공기타
글루코노-δ-락톤,가공기타
비타민B6염산염,종합비타민
프로피온산에틸,가공기타
탄산나트륨무수,가공기타
폴리비닐폴리피로리돈,주방잡화기타
자일리톨,설탕
기타가공품,가공기타
산성백토,가공기타
리소짐,가공기타
엽산,가공기타
규산마그네슘,종합비타민
적양배추색소,가공기타
고량색소,가공기타
L-트레오닌,가공기타
피로인산칼륨,가공기타
제삼인산나트륨무수,가공기타
제이인산칼슘,가공기타
낙산이소아밀,가공기타
이산화규소,가공기타
올레오레진 갈릭,럼/진
올레오레진 오니온,럼/진
호박산,가공기타
호박산이나트륨,가공기타
탄닌산,가공기타
올레인산,가공기타
분말셀룰로스,주방잡화기타
프로테아제(식물성),가공기타
비타민B2,종합비타민
비타민B1염산염,종합비타민
판토텐산칼슘,주방잡화기타
규소수지,주방잡화기타
인베르타아제,가공기타
탄산수소암모늄,탄산수
L-티로신,가공기타
L-세린,가공기타
소르비탄지방산에스테르,가공기타
L-아스코빌팔미테이트,가공기타
렌넷카제인,기타유제품류
아세틸인산이전분,가공기타
홍국색소,건기식기타
홍화황색소,가공기타
황산칼슘,주방잡화기타
프로테아제(곰팡이성),가공기타
d-α-토코페롤,가공기타
L-글루탐산,가공기타
구연산칼륨,가공기타
폴리글리세린축합리시놀레인산에스테르,가공기타
글리세린젖산지방산에스테르,가공기타
커드란,가공기타
식용색소적색제40호,가공기타
차카테킨,기타과즙음료(실온)
사카린나트륨,가공기타
L-라이신염산염,가공기타
L-시스테인염산염,가공기타
베리류색소,가공기타
아미드펙틴,가공기타
효모식품,건기식기타
트리아세틴,가공기타
L-이소로이신,가공기타
L-로이신,가공기타
L-발린,가공기타
키토산,가공기타
인산화인산이전분,가공기타
제일인산칼슘결정,가공기타
헴철,가공기타
치자청색소,가공기타
이산화티타늄,가공기타
탄산칼륨(무수),주방잡화기타
l-멘톨,가공기타
구연산칼슘,가공기타
치자적색소,가공기타
α-시클로덱스트린,가공전분
풀루란,가공기타
알긴산나트륨,가공기타
클로로필,가공기타
이산화탄소,가공기타
글루코만난,가공기타
젖산칼슘,가공기타
DL-주석산나트륨,가공기타
락색소,가공기타
비트레드,가공기타
자주색고구마색소,가공기타
비타민B2 인산에스테르나트륨,가공기타
ｄ-α-토코페릴호박산,가공기타
자당초산이소낙산에스테르,가공기타
글루콘산나트륨,가공기타
DL-사과산,가공기타
스테아린산마그네슘,종합비타민
건조효모(비활성),건기식기타
벤즈알데히드,가공기타
이소길초산이소아밀,가공기타
안트라닐산메틸,가공기타
L-카르니틴,다이어트
카탈라아제,가공기타
콜로이달실리카,가공기타
풀루라나아제,가공기타
실리카겔,가공기타
비타민B12,종합비타민
dl-α-토코페릴아세테이트,가공기타
L-글루타민,단백질보충용(파우더)
L-주석산수소칼륨,주방잡화기타
메타인산칼륨,가공기타
토마토색소,가공기타
판크레아틴,단백질보충용(파우더)
가교카복시메틸셀룰로스나트륨,주방잡화기타
탤크,가공기타
푸마르산제일철,가공기타
폴리소르베이트 65,주방잡화기타
스테아릴젖산나트륨,가공기타
천연향료,럼/진
이.디.티.에이.칼슘이나트륨,주방잡화기타
효소처리헤스페리딘,가공기타
타라검,가공기타
카제인칼슘,주방잡화기타
탄산수소칼륨,탄산수
메틸테트라히드로엽산글루코사민,가공기타
스피룰리나색소,가공기타
포도종자추출물,가공기타
부틸히드록시아니솔,가공기타
안식향산,가공기타
나린진,럼/진
황산아연,종합비타민
제일인산칼륨,가공기타
제이인산나트륨무수,가공기타
수산화나트륨결정,수산기타
시클로덱스트린액,가공전분
제일인산칼슘무수,가공기타
옥테닐호박산나트륨전분,가공전분
트라가칸스검,가공기타
고형차,분말차
푸마르산일나트륨,가공기타
감초추출물 정제,가공기타
푸마르산,가공기타
알긴산프로필렌글리콜,가공기타
아디프산,가공기타
암모늄포스파타이드,가공기타
헥사논산에틸,가공기타
에스테르검,가공기타
β-글루카나아제,가공기타
"아보카도(열매,신선)",아보카도
파라옥시안식향산에틸,가공기타
초산시트로넬릴,가공기타
식용색소황색제5호,가공기타
분지글리코실트랜스퍼라아제,가공기타
산화칼슘,주방잡화기타
퍼라이트,가공기타
종국조제,가공기타
라우릴황산나트륨,가공기타
폴리이소부틸렌,주방잡화기타
인산이전분,가공기타
초산게라닐,가공기타
카나우바왁스,가공기타
올레오레진 셀러리,럼/진
글리세린디아세틸주석산지방산에스테르,가공기타
몰식자산프로필,가공기타
L-아스코브산칼슘,주방잡화기타
비타민E,종합비타민
초산칼슘,주방잡화기타
만니톨,가공기타
자일라나아제,가공기타
고형면류첨가알칼리제,국수
L-아스파라진,럼/진
스모크향,가공기타
황산제일철결정,가공기타
올레오레진 진저,럼/진
L-주석산,가공기타
황산마그네슘건조,종합비타민
피틴산,가공기타
자몽종자추출물,가공기타
결정셀룰로오스,가공기타
니코틴산,가공기타
DL-사과산나트륨3수염,가공기타
헤미셀룰라아제,가공기타
젖산칼륨,가공기타
L-아스파트산,가공기타
L-알라닌,가공기타
변성호프추출물,가공기타
황산암모늄,가공기타
메틸셀룰로스,주방잡화기타
쌀겨왁스,양곡류
수산화암모늄,수산기타
γ-시클로덱스트린,가공전분
로진,럼/진
유동파라핀,가공기타
용성비타민P,종합비타민
베타인,가공기타
구연산삼나트륨무수,가공기타
코치닐추출색소,가공기타
감초추출물 조제,가공기타
향미유,기타유지류
정제백쉘락,가공기타
기타 농산가공품,가공기타
DL-주석산,가공기타
글루코오스산화효소,가공기타
기타 식용유지가공품,기타유지류
침출차,기타침출차
헤스페리딘,가공기타
올레오레진 피멘타베리스,럼/진
퀼라야추출물,가공기타
제삼인산나트륨결정,가공기타
염화알킬(C12-C18)벤질디메틸암모늄제제,가공기타
프로피온산칼슘,주방잡화기타
염화콜린,가공기타
차추출물,기타과즙음료(실온)
글루타미나아제,가공기타
니켈,가공기타
식물성크림,기타유제품류
타마린드검,가공기타
메톡사이드나트륨,가공기타
글루콘산동,가공기타
피로인산제이철,가공기타
폴리아크릴산나트륨,주방잡화기타
황산알루미늄칼륨결정,칼
지베렐린산,가공기타
키틴,가공기타
펩신,가공기타
이.디.티.에이.이나트륨,가공기타
수화실리카,가공기타
제일인산나트륨무수,가공기타
포도과피색소,가공기타
"바닐라(열매,건조)",채소기타
유카추출물,가공기타
카제인,가공기타
옥탄산에틸,가공기타
칸델릴라왁스,가공기타
초산페닐에틸,가공기타
소브산,가공기타
가티검,가공기타
L-페닐알라닌,가공기타
동클로로필린나트륨,가공기타
폴리소르베이트 20,주방잡화기타
카라멜색소 Ⅱ,가공기타
데히드로초산나트륨,가공기타
에탄올제제,가공기타
수산화칼슘,수산기타
락티톨분말,가공기타
시클로헥산프로피온산알릴,가공기타
게라니올,가공기타
염화칼륨,주방잡화기타
카로틴,가공기타
α-이오논,가공기타
글리세린초산지방산에스테르,가공기타
환원철,가공기타
효소분해레시틴,가공기타
아질산나트륨,가공기타
안식향산칼륨,주방잡화기타
몰식자산,가공기타
γ-운데카락톤,가공기타
벤토나이트,가공기타
헵타논산에틸,가공기타
글루콘산,가공기타
규조토소성,가공기타
이소티오시안산알릴,가공기타
주석산수소콜린,가공기타
메타중아황산나트륨,가공기타
인산철,가공기타
글루콘산칼슘,가공기타
D-리보오스,가공기타
카복시메틸스타치나트륨,가공기타
이소길초산에틸,가공기타
곡자(누룩),가공기타
알긴산,가공기타
L-젖산마그네슘,종합비타민
L-주석산나트륨,가공기타
락토페린농축물,단백질보충용(파우더)
젖산철,가공기타
식용색소황색제5호알루미늄레이크,가공기타
α-갈락토시다아제,가공기타
파라메틸아세토페논,가공기타
황산알루미늄암모늄건조,가공기타
디부틸히드록시톨루엔,가공기타
루틴,가공기타
백납,가공기타
젤루통,가공기타
몰리브덴산나트륨,가공기타
리나롤,가공기타
토마틴,가공기타
연소실리카,가공기타
α-아밀신남알데히드,가공기타
열량 및 영양공급용 식품,가공기타
엑소말토테트라히드로라아제,가공기타
아라비노갈락탄,가공기타
히드록시프로필셀룰로스,주방잡화기타
수산화마그네슘,종합비타민
말토트리오히드로라아제,가공기타
초산신나밀,가공기타
황산나트륨무수,가공기타
규조토융제소성,가공기타
프로피온산나트륨,가공기타
기타식품첨가물(한시적 식품첨가물),가공기타
메타중아황산칼륨,주방잡화기타
5'-우리딜산이나트륨,가공기타
5'-시티딜산,가공기타
진주빛색소1형,럼/진
β-카로틴,가공기타
식용색소적색제2호,가공기타
"오렌지(열매,신선)",오렌지
포스포리파아제A2,가공기타
에리토브산,가공기타
합성향료,가공기타
구연산철암모늄,가공기타
차아황산나트륨,기타과즙음료(실온)
γ-노나락톤,가공기타
아세토초산에틸,가공기타
효소처리루틴,가공기타
아황산나트륨무수,가공기타
프로피온산벤질,가공기타
이소프로필알콜,가공기타
폴리에틸렌글리콜,주방잡화기타
에틸셀룰로스,주방잡화기타
산성아황산나트륨,가공기타
네오탐,가공기타
계피산메틸,향신료
시트로넬랄,가공기타
파라옥시안식향산메틸,가공기타
5-디아미나아제,가공기타
디아스타아제,가공기타
올레오레진 메이스,럼/진
셀렌산나트륨,가공기타
천연향신료,향신료
진주빛색소2형,가공기타
염화크롬,가공기타
치클,가공기타
제이인산마그네슘,가공기타
L-라이신,가공기타
황산알루미늄암모늄결정,가공기타
야자유,기타유지류
올레오레진 코리엔더,가공기타
식용색소황색제4호알루미늄레이크,가공기타
식용색소적색제3호,가공기타
올레오레진 펜넬,럼/진
정제효소제,가공기타
올레오레진 파슬리씨드,럼/진
올레오레진 오리가늄,럼/진
5'-아데닐산,가공기타
제삼인산마그네슘5수염,가공기타
비타민 C,종합비타민
페닐초산에틸,가공기타
카프릭산,가공기타
낙산부틸,가공기타
질산나트륨,가공기타
차아염소산칼슘,기타과즙음료(실온)
식용색소청색제2호,가공기타
덱스트란,가공기타
폴리비닐피로리돈,주방잡화기타
탄나아제,가공기타
γ- 오리자놀,가공기타
식용색소적색제102호,가공기타
홍국황색소,건기식기타
니신,가공기타
마리골드색소,눈건강
계피알콜,향신료
구연산삼나트륨5수염,가공기타
기타기구등의 살균소독제,가공기타
당류가공품,기타분말
산화철,가공기타
청관제,가공기타
규산칼슘,주방잡화기타
글루콘산칼륨,가공기타
염화망간,가공기타
글루콘산철,가공기타
d-α-토코페릴아세테이트,가공기타
아귀(냉동),수입선어(냉동)
"아귀(냉동,필렛(F))",수입선어(냉동)
"꽃게(냉동,절단)",꽃게(냉동)
낙지(활),낙지
개불(활),수산기타
낙지(냉동),낙지(냉동)
낙지(냉장),낙지
대두갈치(냉동),갈치(냉동)
"대두갈치(냉동,가염,필렛(F))",갈치(냉동)
"대구(냉동,필렛(F))",수입선어(냉동)
"고등어(냉동,필렛(F))",고등어
바닷가재(활),수산기타
각시가자미(냉동),수입선어(냉동)
돌비늘백합(활),패류(냉장)
오징어(냉동),오징어(냉동)
"명태(냉동,창난)",명태(냉동)
"명태(냉동,필렛(F))",명태(냉동)
주꾸미(냉동),수산기타
남방주꾸미(냉동),수산기타
젓새우(염장),새우
민꽃게(냉동),꽃게(냉동)
참조기(냉동),조기
노랑가오리(냉장),가공기타
"오징어(냉동,동체)",오징어(냉동)
"초록입홍합(냉동,자숙,한쪽껍질붙은)",패류
"흰다리새우(냉동,살,자숙,포장횟감)",새우살
꽁치(냉동),꽁치
점박이꽃게(냉동),꽃게(냉동)
"점박이꽃게(냉동,절단)",꽃게(냉동)
서대류(냉동),채소기타
"아메리카대왕오징어(냉동,동체)",오징어(냉동)
"오징어(냉동,다리)",오징어(냉동)
"오징어(냉동,지느러미)",오징어(냉동)
"연어(냉장,필렛(F))",연어
"명태알(냉동,알)",명태(냉동)
"대구(냉동,목살)",수입선어(냉동)
"날개오징어(냉동,동체,포장횟감)",오징어(냉동)
"문어(냉동,슬라이스(S),자숙,포장횟감)",수산기타
"문어(냉동,다리,자숙)",수산기타
"문어(냉동,자숙)",수산기타
주꾸미(냉장),수산기타
동자개(활),가공기타
쌍지붕어(활),가공기타
대두갈치(냉장),갈치
명태(냉장),명태
파라오갑오징어(냉동),오징어(냉동)
큰가리비(활),패류(냉장)
은연어(냉동),연어(냉동)
연어(냉장),연어
살오징어(냉동),오징어(냉동)
아메리카대왕오징어(냉동),오징어(냉동)
"각시가자미(냉동,필렛(F))",수입선어(냉동)
"아메리카대왕오징어(냉동,지느러미)",오징어(냉동)
"임연수어(냉동,필렛(F))",채소기타
홍어(냉동),채소기타
가오리류(냉동),채소기타
무점매가리(활),가공기타
점성어(활),활저류
농어(활),활저류
대왕붉바리(활),가공기타
"날치알(건조,알,캐비아대용)",가공기타
"아메리카대왕오징어(냉동,다리)",오징어(냉동)
갑오징어(냉동),오징어(냉동)
"갑오징어(냉동,동체)",오징어(냉동)
대게(냉장),꽃게
대게(활),꽃게
작은코가오리(냉동),채소기타
명태(냉동),명태(냉동)
고등어(냉동),고등어
대서양연어(냉장),연어
"민태속,Johnius dussumieri(냉동)",채소기타
"대서양참다랑어(냉동,눈살)",참치
"대서양참다랑어(냉동,턱살)",참치
흑밀복(냉동),수입선어(냉동)
까치복(냉동),수입선어(냉동)
미꾸라지(활),수산기타
대구(냉동),수입선어(냉동)
"대서양참다랑어(냉동,필렛(F))",참치
"남방참다랑어(냉동,목살)",참치
"명태(냉동,곤이)",명태(냉동)
부세(냉동),채소기타
"해삼(건조,자숙)",수산기타
"아메리카바다가재(냉동,자숙)",채소기타
기타 수산물가공품,수산기타
"보구치(냉동,필렛(F))",채소기타
"갑오징어(냉동,다리)",오징어(냉동)
입술무늬갑오징어(냉동),오징어(냉동)
남방주꾸미(냉장),수산기타
새우(건조),새우
먹장어(활),활저류
청상아리(냉동),채소기타
"뱀장어(냉동,필렛(F))",채소기타
붉평치(냉동),채소기타
"은연어(냉동,필렛(F))",연어(냉동)
"성게알(냉장,횟감)",패류(냉장)
바지락(활),패류(냉장)
가무락조개(활),패류(냉장)
"개조개(냉동,살)",채소기타
"바지락(냉장,살)",패류(냉장)
백합(활),패류(냉장)
"새치성게알(냉장,횟감)",참치
"유럽물레고둥(냉동,살,자숙)",패류
"파타고니아가리비(냉동,개아지살,살)",패류
"전복(냉동,살,자숙)",전복(냉동)
"전갱이속,Trachurus murphyi(냉동)",채소기타
해파리(염장),수산기타
대문짝넙치(활),가공기타
황새치(냉동),참치
참돔(활),활저류
"대구(냉동,곤이)",수입선어(냉동)
문어(냉동),수산기타
"문어(냉동,슬라이스(S),자숙)",수산기타
홍어(냉장),가공기타
긴가이석태(냉동),채소기타
영상가이석태(냉동),채소기타
"홍줄고둥과,Cymbium cymbium(냉동,살,자숙)",패류
"민물가재(냉동,자숙)",채소기타
아르헨티나짧은꼬리오징어(냉동),오징어(냉동)
가이석태속(냉동),채소기타
"삼치(냉동,필렛(F))",삼치(냉동)
뱀장어(활),활저류
꼬시래기(건조),가공기타
"입술무늬갑오징어(냉동,동체)",오징어(냉동)
한치꼴뚜기(냉동),채소기타
"전력날치알(냉동,알,캐비아대용)",채소기타
"흰다리새우(냉동,살)",새우살
민밀복(냉동),수입선어(냉동)
"대서양연어(냉장,필렛(F),횟감)",연어
"입술무늬갑오징어(냉동,슬라이스(S),포장횟감)",오징어(냉동)
얼룩새우(냉동),새우
흑점줄전갱이(활),수산기타
부시리(활),가공기타
아메리카바다가재(냉동),채소기타
명태(건조),황태류
북방대합(활),패류(냉장)
"문어(냉동,다리,자숙,포장횟감)",수산기타
"창꼴뚜기(냉동,슬라이스(S),포장횟감)",감(냉동)
"얼룩새우(냉동,살,포장횟감)",새우살
"흰다리새우(냉동,살,포장횟감)",새우살
"남방주꾸미(냉동,자숙,포장횟감)",수산기타
화살꼴뚜기(건조),건오징어
바리류(냉동),채소기타
호주참닭새우(활),새우
긴손낙지(냉동),낙지(냉동)
"대게(냉동,자숙,절단)",꽃게(냉동)
황다랑어(냉동),참치
눈다랑어(냉동),참치
홍서대(냉동),채소기타
이스라엘잉어(활),가공기타
"재첩(냉동,살,자숙)",채소기타
오징어(건조),오징어
"가리비(냉동,살,자숙)",패류
부리홍볼락(냉동),채소기타
"첨치가자미(냉동,포장횟감,필렛(F))",수입선어(냉동)
화살꼴뚜기(냉동),채소기타
"오징어(냉동,지느러미,자숙)",오징어(냉동)
"오징어(냉동,다리,자숙)",오징어(냉동)
"오징어(냉동,동체,자숙)",오징어(냉동)
대서양연어(냉동),연어(냉동)
"연어(냉동,필렛(F))",연어(냉동)
"대서양고등어(냉동,필렛(F))",고등어
돌돔(활),가공기타
"북아메리카장어(냉동,필렛(F))",채소기타
"대서양참다랑어(냉동,머리살)",참치
"대서양참다랑어(냉동,목살)",참치
알젠틴붉은대롱수염새우(냉동),새우
"골뱅이(냉동,살,자숙)",채소기타
잿방어(활),활저류
"북방도화새우(냉동,살,포장횟감)",새우살
흰다리새우(냉동),새우
줄무늬고등어(냉동),고등어
틸라피아(냉동),채소기타
대서양붉은볼락(냉동),채소기타
"둥근무늬문어(냉동,자숙)",수산기타
코토니(건조),가공기타
실꼬리돔(냉동),채소기타
자색뿔돔(냉동),채소기타
"흰다리새우(냉동,자숙)",새우살
"만두성게과,Loxechinus albus알(냉장,횟감)",패류(냉장)
왕게(활),꽃게
밴댕이(건조),수산기타
은밀복(냉동),수입선어(냉동)
바다포도(염장),가공기타
대서양꼬마민어(냉동),채소기타
가리비(활),패류(냉장)
벵에돔(활),가공기타
"청어목,Corica soborna(냉동)",채소기타
"창꼴뚜기(냉동,동체,자숙,포장횟감)",감(냉동)
"홍합(냉동,자숙,한쪽껍질붙은)",패류
"개복치(냉동,필렛(F))",채소기타
"다슬기(냉동,살,자숙)",채소기타
"젓새우속,Acetes indicus(냉동)",새우
"홍합(냉동,살,자숙)",패류
바지락(냉동),패류
"피조개(냉동,살,자숙)",채소기타
"둥근성게속,Strongylocentrotus droebachiensis알(냉장,횟감)",패류(냉장)
파마이석태(냉동),파
금색돔(냉동),채소기타
붉은이석태(냉동),채소기타
비너스백합(활),패류(냉장)
"장문볼락(냉동,필렛(F))",채소기타
"명태(건조,필렛(F))",황태류
"참돔(냉동,목살)",수입선어(냉동)
"대서양참다랑어(냉동,볼살)",참치
"대두갈치(냉동,필렛(F))",갈치(냉동)
연쥐치(냉동),채소기타
"키조개(냉동,개아지살,살)",채소기타
"붕장어(냉동,필렛(F))",채소기타
자주복(활),가공기타
"알젠틴붉은대롱수염새우(냉동,살,포장횟감)",새우살
"부리홍볼락(냉동,필렛(F))",채소기타
흰줄닭새우(활),새우
큰톱날꽃게(활),꽃게
보구치(냉동),채소기타
붉은발남방가재(냉동),채소기타
왕게(냉장),꽃게
임연수어(냉동),채소기타
"대서양민대구(냉동,필렛(F))",수입선어(냉동)
"눈볼대(냉동,포장횟감,필렛(F))",감(냉동)
"황새치(냉동,필렛(F),횟감)",참치
"눈다랑어(냉동,필렛(F),횟감)",참치
"참다랑어(냉동,필렛(F),횟감)",참치
"대서양참다랑어(냉동,필렛(F),횟감)",참치
힐사청어(냉동),채소기타
팡가시우스메기(냉동),수입선어(냉동)
카툴라붕어(냉동),채소기타
미얀마잉어(냉동),채소기타
열빙어(냉동),채소기타
"팡가시우스메기(냉동,포장횟감,필렛(F))",수입선어(냉동)
"팡가시우스메기(냉동,필렛(F))",수입선어(냉동)
식용자라(활),가공기타
"한치꼴뚜기(냉동,슬라이스(S),포장횟감)",감(냉동)
"피뿔고둥(냉동,살,자숙)",패류
"바지락(냉동,살)",패류
"무지개송어(냉동,목살)",무우
"첨치가자미(냉동,필렛(F))",수입선어(냉동)
"먹볼락(냉동,필렛(F))",채소기타
돌가자미(활),수산기타
"참돔(냉동,필렛(F))",수입선어(냉동)
말쥐치(냉장),가공기타
넓은머리메기(냉동),수입선어(냉동)
"청색꽃게(냉동,절단)",꽃게(냉동)
"남방살오징어(냉동,동체)",수산HMR(냉동)
"오징어(건조,동체)",오징어
"가리비(냉동,살)",패류
"캐롤라이나해만가리비(냉동,살,자숙)",패류
긴손낙지(염장),낙지
감성돔(활),가공기타
참게(냉동),채소기타
대서양참다랑어(냉동),참치
알밤문어(활),수산기타
문어(활),수산기타
"파타고니아이빨고기(냉동,목살)",파
"큰가리비(냉동,살,자숙)",패류
"왕우렁이(냉동,살,자숙)",채소기타
"한치꼴뚜기(냉동,다리,포장횟감)",감(냉동)
"틸라피아(냉동,슬라이스(S),포장횟감)",감(냉동)
빛금눈돔(냉동),채소기타
쏘가리(활),가공기타
"대서양해가리비(냉동,살)",패류
먹장어(냉동),채소기타
유럽흑대구(냉동),수입선어(냉동)
벤자리(활),가공기타
"방어(냉동,포장횟감,필렛(F))",수입선어(냉동)
구라미류(냉동),채소기타
드렁허리(냉동),채소기타
옥두어(냉동),채소기타
쇠갑오징어(냉동),오징어(냉동)
"쇠갑오징어(냉동,동체)",오징어(냉동)
"흰다리새우(냉동,살,자숙)",새우살
인도양이석태(냉동),채소기타
"위고둥(냉동,살,자숙)",패류
"갑오징어(냉동,동체,포장횟감)",오징어(냉동)
"한치꼴뚜기(냉동,동체,자숙,포장횟감)",감(냉동)
"해삼과,Pearsonothuria graeffei(건조)",수산기타
"남방살오징어(건조,다리)",오징어
"대서양대구(냉동,필렛(F))",수입선어(냉동)
큰가리비(냉동),패류
"오징어(냉동,슬라이스(S))",오징어(냉동)
"농어(냉동,슬라이스(S),포장횟감)",감(냉동)
"북방도화새우(냉동,자숙)",새우살
능성어(활),가공기타
나일틸라피아(냉동),채소기타
"살오징어(냉동,슬라이스(S),포장횟감)",오징어(냉동)
"키조개(냉동,개아지살,살,포장횟감)",감(냉동)
흰꼴뚜기(냉동),채소기타
백합(냉동),채소기타
"주꾸미(냉동,자숙,포장횟감)",수산기타
"창꼴뚜기(냉동,다리,포장횟감)",감(냉동)
"전복(냉동,자숙)",전복(냉동)
남미조기(냉동),조기
"뱀장어(냉장,필렛(F))",가공기타
"북아메리카장어(냉장,필렛(F))",가공기타
파타고니아꼴뚜기(냉동),파
"점박이꽃게(냉동,살)",꽃게(냉동)
남방백합(냉동),채소기타
창꼴뚜기(냉동),채소기타
대왕자바리(활),가공기타
옥돔(냉동),채소기타
"아메리카대왕오징어(냉동,동체,자숙)",오징어(냉동)
"까지가자미속,Lepidopsetta polyxystra(냉동)",수입선어(냉동)
북아메리카장어(활),가공기타
"나일틸라피아(냉동,필렛(F))",채소기타
멸치(건조),건멸치
"대구(냉동,머리)",수입선어(냉동)
"대구알(냉동,알)",수입선어(냉동)
쏨뱅이(냉장),가공기타
"밴댕이(냉동,포장횟감,필렛(F))",감(냉동)
어육살,수입선어(냉동)
"무지개송어(냉동,슬라이스(S),포장횟감)",감(냉동)
재첩(냉동),채소기타
개서대(냉동),채소기타
"가리비속,Pecten maximus(냉동,한쪽껍질붙은)",패류
양볼락(냉동),채소기타
장문볼락(냉동),채소기타
"만두성게과,Loxechinus albus알(냉동,횟감)",꽃게(냉동)
"날치알(냉동,알,캐비아대용)",채소기타
파타고니아이빨고기(냉동),파
"중간둥근성게속,Mesocentrotus franciscanus알(냉동,횟감)",패류
"알젠틴붉은대롱수염새우(냉동,횟감)",새우
"적새우(냉동,살)",새우살
남방걸장어(냉동),채소기타
"파타고니아이빨고기(냉동,볼살)",파
"바지락(냉동,살,자숙)",패류
"빛금눈돔(냉동,필렛(F),포장횟감)",감(냉동)
재첩(활),가공기타
주꾸미(활),수산기타
"황다랑어(냉동,필렛(F),횟감)",참치
"남방대구알(냉동,알)",수입선어(냉동)
대구(건조),수산기타
스피노잠(건조),가공기타
"붉은대게(냉동,자숙,절단)",꽃게(냉동)
"큰가리비(냉동,개아지살,살,포장횟감)",패류
큰입선농어(냉동),채소기타
"틸라피아(냉동,포장횟감,필렛(F))",감(냉동)
곱상어(냉동),채소기타
붕어(활),가공기타
가다랑어(냉동),참치
"아메리카대왕오징어(냉동,지느러미,자숙)",오징어(냉동)
넓적창오징어(냉동),오징어(냉동)
"전복속,Haliotis asinina(냉동,살,자숙)",전복(냉동)
알래스카홍어(냉동),채소기타
장수기름가자미(냉동),수입선어(냉동)
남방참다랑어(냉동),참치
"대롱수염새우속,Solenocera crassicornis(냉동,살,포장횟감)",새우살
"큰가리비(냉동,외투막,살)",패류
"가리비(냉동,개아지살,살,포장횟감)",패류
"눈다랑어(냉동,목살)",참치
청어(냉동),채소기타
"대서양연어(냉동,필렛(F))",연어(냉동)
"명태(건조,껍질)",황태류
"큰입선농어(냉동,포장횟감,필렛(F))",감(냉동)
"검정가자미(냉동,필렛(F))",수입선어(냉동)
유럽바다가재(냉동),채소기타
게(냉동),채소기타
"은연어(냉동,목살)",연어(냉동)
"대서양연어(냉동,목살)",연어(냉동)
"열빙어알(냉동,알,캐비아대용)",채소기타
해물혼합(냉동),채소기타
미역(염장),가공기타
동갈돗돔(활),가공기타
"큰가리비(냉동,한쪽껍질붙은)",패류
세네갈개서대(냉동),채소기타
돛새치(냉동),참치
"한치꼴뚜기(냉동,동체,포장횟감)",감(냉동)
"유럽물레고둥(냉동,살,슬라이스(S),포장횟감)",패류
"틸라피아(냉동,필렛(F))",채소기타
큰톱날꽃게(냉동),꽃게(냉동)
"황새치(냉동,목살)",참치
조피볼락(냉동),채소기타
쥐치(냉장),가공기타
"갑오징어(냉동,슬라이스(S),포장횟감)",오징어(냉동)
"미역(줄기,염장)",엽채류기타
"창꼴뚜기(냉동,동체,포장횟감)",감(냉동)
긴가라지(냉동),채소기타
"초록입홍합(냉동,한쪽껍질붙은)",패류
"고등어(냉동,가염,필렛(F))",고등어
고등가라지(냉동),채소기타
잉어(활),가공기타
용가자미(냉동),수입선어(냉동)
"저자가오리속,Bathyraja aleutica(냉동)",채소기타
청대구(냉동),수입선어(냉동)
초록입홍합(냉동),패류
갯농어(냉동),채소기타
동등이석태(냉동),채소기타
"잉어과,Systomus sarana(냉동)",채소기타
"청상아리(냉동,필렛(F))",채소기타
홍감펭(냉동),감(냉동)
"큰구슬우렁이(냉동,자숙)",채소기타
"미역(절단,건조)",가공기타
"부리홍볼락(냉동,슬라이스(S),포장횟감)",감(냉동)
성게알(냉동),패류
남방먹조기(활),조기
민무늬꺼끌 전갱이(활),가공기타
북아프리카메기(냉동),수입선어(냉동)
키조개(활),패류(냉장)
고등어(건조),고등어
"첨치가자미(냉동,슬라이스(S),포장횟감)",수입선어(냉동)
"동다리(냉동,자숙)",채소기타
"청새리상어(냉동,지느러미,자숙)",채소기타
"학공치(냉동,포장횟감,필렛(F))",감(냉동)
"가라지(냉동,훈제)",채소기타
"새우(냉동,살,포장횟감)",새우살
"해삼(염장,자숙)",수산기타
북태평양민대구(냉동),수입선어(냉동)
"큰구슬우렁이(냉동,살,자숙)",채소기타
"큰가리비(냉동,살,자숙,횟감)",패류
"검정가자미(냉동,슬라이스(S),포장횟감)",수입선어(냉동)
눈퉁멸(건조),가공기타
도화새우(냉동),새우
"흰꼴뚜기(냉동,횟감)",감(냉동)
꽃게(냉동),꽃게(냉동)
개조개(활),패류(냉장)
새뱅이(냉동),채소기타
금눈돔(냉동),채소기타
줄무늬 가물치(냉동),무우
"가리비(냉장,개아지살,살)",패류(냉장)
"날개오징어(냉동,횟감)",오징어(냉동)
"캐롤라이나해만가리비(냉동,개아지살,살)",패류
노랑가오리(냉동),채소기타
참홍어(냉동),채소기타
"바지락(냉동,자숙)",패류
"청대구(냉동,필렛(F))",수입선어(냉동)
"왕게(냉동,자숙,절단)",꽃게(냉동)
"입술무늬갑오징어(냉동,동체,포장횟감)",오징어(냉동)
"새조개(냉동,살,자숙)",채소기타
톱날꽃게(냉동),꽃게(냉동)
파랑눈매퉁이(냉동),파
"가다랑어(냉동,자숙,필렛(F))",참치
꼬막(활),가공기타
한치꼴뚜기(건조),가공기타
청새리상어(냉동),채소기타
"오징어(냉동,슬라이스(S),포장횟감)",오징어(냉동)
황색왕게(활),꽃게
참게(활),가공기타
무늬쥐치(건조),가공기타
"창꼴뚜기(냉동,포장횟감)",감(냉동)
가는꼬리쥐치(건조),가공기타
"해파리(염장,다리)",가공기타
"대서양참다랑어(냉동,볼살,횟감)",참치
"대서양참다랑어(냉동,머리살,횟감)",참치
"방어(냉동,필렛(F))",수입선어(냉동)
베어다이대게(활),꽃게
쥐치(냉동),채소기타
"참다랑어(냉동,턱살)",참치
마소치가자미(냉동),수입선어(냉동)
청새리상어(건조),가공기타
"대서양참다랑어(냉동,턱살,횟감)",참치
"대서양참다랑어(냉동,목살,횟감)",참치
"알젠틴붉은대롱수염새우(냉동,살,횟감)",새우살
미꾸라지(냉동),채소기타
"이솝도화새우(냉동,살)",새우살
가라지(냉동),채소기타
황돔(냉동),채소기타
두눈가오리(냉동),채소기타
붉은무늬가리비(냉동),패류
"민대구속,Merluccius hubbsi(냉동)",수입선어(냉동)
"큰가리비(냉동,개아지살,살)",패류
등목어(냉동),채소기타
"깜장북방대합(냉동,살,포장횟감)",감(냉동)
"대게(냉동,자숙)",꽃게(냉동)
"은대구(냉동,필렛(F))",수입선어(냉동)
아귀(냉장),수산기타
동죽(활),가공기타
"광삼속,Cucumaria japonica(건조)",가공기타
"가다랑어(건조,훈제)",참치
"몽치다래(건조,훈제)",가공기타
대서양고등어(냉동),고등어
망둑어(냉동),채소기타
"피뿔고둥(냉동,자숙)",패류
"가리비(냉동,개아지살,살,횟감)",패류
참다랑어(냉동),참치
"낙지(냉동,다리)",낙지(냉동)
"청어알(냉동,알,캐비아대용)",채소기타
방어(활),활저류
"살오징어(냉동,지느러미)",오징어(냉동)
남방살오징어(냉동),오징어(냉동)
"갯고둥(냉동,자숙)",패류
민어(냉동),채소기타
날개다랑어(냉동),참치
"얼룩새우(냉동,살)",새우살
"밴댕이속,Sardinella fimbriata(건조)",가공기타
"새우(냉동,자숙)",새우살
밴댕이(염장),가공기타
"전복(건조,살,자숙)",전복
코드아이스피쉬(냉동),채소기타
갈색띠매물고둥(활),패류(냉장)
회초리꼬리민태(냉동),채소기타
"남방대구속,Macruronus magellanicus(냉동)",수입선어(냉동)
"돌대구과,Salilota australis(냉동)",수입선어(냉동)
"등가시치과, Iluocoetes fimbriatus(냉동)",채소기타
"아르헨티나짧은꼬리오징어(냉동,동체)",수산HMR(냉동)
"비단가리비(냉동,살)",패류
"긴가라지(냉동,훈제)",채소기타
"꼬리점눈퉁이과,Percophis brasiliensis(냉동,필렛(F))",채소기타
"성게알(냉동,횟감)",패류
"주머니낙지속,Cistopus indicus(냉동)",낙지(냉동)
새꼬막(활),가공기타
바닷가재(냉동),채소기타
"볼락속,Sebastes fasciatus(냉동)",채소기타
개복치(냉동),채소기타
"전갱이속,Trachurus murphyi(냉동,필렛(F))",채소기타
"피조개속,Anadara antiquata(냉동,살,자숙)",채소기타
"목탁가자미속,Arnoglossus laterna(냉동)",수입선어(냉동)
흰줄닭새우(냉동),새우
"유럽물레고둥(냉동,자숙)",패류
"게(냉동,절단)",채소기타
체장메기(냉동),수입선어(냉동)
미역(건조),가공기타
"흰뺨동가리속, Scolopsis monogramma(냉동)",채소기타
"갯농어(냉동,필렛(F))",채소기타
"만새기(냉동,필렛(F))",채소기타
남방달고기(냉동),채소기타
베어다이대게(냉장),꽃게
남미전갱이(냉동),채소기타
피조개(활),패류(냉장)
오징어(염장),오징어
조단도화새우(냉동),새우
"큰징거미새우(냉동,자숙)",새우살
"은연어(냉동,슬라이스(S),포장횟감)",연어(냉동)
"큰돗대기새우(냉동,살,포장횟감)",새우살
"캐롤라이나해만가리비(냉동,개아지살,살,포장횟감)",패류
"굴(냉동,살)",굴(냉동)
"남방대구(냉동,필렛(F))",수입선어(냉동)
캘리포니아화살꼴뚜기(냉동),채소기타
"가리비(냉동,외투막,살)",패류
세줄볼락(냉동),채소기타
북방도화새우(냉동),새우
"굴(냉동,한쪽껍질붙은)",굴(냉동)
"잉어과, Barbonymus gonionotus(냉동)",채소기타
무린멸치(냉동),무우
"화살꼴뚜기(냉동,동체,포장횟감)",감(냉동)
먹볼락(냉동),채소기타
"은연어(냉동,포장횟감,필렛(F))",연어(냉동)
"새꼬막(냉동,살,자숙)",채소기타
"청색꽃게(냉동,살)",꽃게(냉동)
"살오징어(냉동,동체)",오징어(냉동)
붉은메기(냉동),수입선어(냉동)
인디안꼴뚜기(냉동),채소기타
홍가자미(냉동),수입선어(냉동)
유럽가자미(냉동),수입선어(냉동)
홍살치(냉동),채소기타
"입술무늬갑오징어(냉동,다리)",오징어(냉동)
긴손낙지(냉장),낙지
"바지락(염장,살)",패류
젓새우(건조),새우
"물치다래(건조,훈제)",가공기타
"얼룩새우(냉동,살,자숙,포장횟감)",새우살
"가리비(냉동,한쪽껍질붙은)",패류
"대서양연어(냉동,필렛(F),횟감)",연어(냉동)
찰가자미(냉동),수입선어(냉동)
청색꽃게(냉동),꽃게(냉동)
"삼각대게(냉동,절단,자숙)",꽃게(냉동)
"비단가리비(냉동,살,자숙)",패류
"꽃게과,Callinectes bellicosus(냉동)",꽃게(냉동)
민어(냉장),가공기타
미국꽃게(냉동),꽃게(냉동)
"미국꽃게(냉동,절단)",꽃게(냉동)
털게(활),가공기타
"남방백합(냉동,자숙)",채소기타
"대서양고등어(냉동,가염,필렛(F))",고등어
황돔(냉장),가공기타
"남방참다랑어(냉동,필렛(F),횟감)",참치
"청색꽃게(냉동,집게다리)",꽃게(냉동)
"성대(냉동,필렛(F))",채소기타
"청새리상어(건조,지느러미)",가공기타
던지네스게(활),가공기타
홍다리얼룩새우(냉동),새우
대서양먹장어(냉동),채소기타
"대서양연어(냉동,포장횟감,필렛(F))",연어(냉동)
"병어과,Stromateus brasiliensis(냉동)",채소기타
"황새치(냉동,필렛(F))",참치
"개량조개(냉동,살,자숙)",채소기타
"무지개송어(냉장,필렛(F))",가공기타
피뿔고둥(활),패류(냉장)
"초록입홍합(냉동,살,자숙)",패류
"참조기(냉동,필렛(F))",조기
"골뱅이(냉동,자숙)",채소기타
붕장어(냉동),채소기타
"참다랑어(냉동,눈살)",참치
대구(냉장),수산기타
분홍보리새우(냉동),새우
"가자미과,Isopsetta isolepis(냉동)",수입선어(냉동)
"보라성게알(냉동,횟감)",패류
홍치(냉동),채소기타
"청어알(염장,알)",가공기타
이솝도화새우(냉동),새우
"화살꼴뚜기(냉동,다리,포장횟감)",감(냉동)
녹새치(냉동),참치
단문청새치(냉동),참치
"가다랑어(냉동,포장횟감,필렛(F),훈제)",참치
바다포도(냉동),냉동과일
"흰꼴뚜기(냉동,포장횟감)",감(냉동)
큰실말(냉동),채소기타
"대서양연어(냉동,슬라이스(S),포장횟감)",연어(냉동)
청새치(냉동),참치
"알젠틴붉은대롱수염새우(냉동,살)",새우살
"꼬마민어(냉동,필렛(F))",채소기타
"참다랑어(냉동,목살)",참치
"참다랑어(냉동,머리살)",참치
"남방참다랑어(냉동,목살,횟감)",참치
보리멸(냉동),양곡류
우뭇가사리(건조),가공기타
"참다랑어(냉동,볼살)",참치
"참다랑어(냉동,필렛(F))",참치
"중간둥근성게속,Mesocentrotus franciscanus알(냉동)",패류
"망둑어과,Pseudapocryptes elongatus(냉동)",채소기타
두점박이민꽃게(냉동),꽃게(냉동)
"검정가자미(냉동,포장횟감,필렛(F))",수입선어(냉동)
"피조개(냉동,살,포장횟감)",감(냉동)
"낙지(냉동,가염)",낙지(냉동)
"새조개(냉동,살)",채소기타
"민어과,Umbrina roncador(냉동)",채소기타
"오징어(건조,지느러미,자숙,탈피)",오징어(냉동)
캐롤라이나해만가리비(냉동),패류
"알래스카가자미(냉동,필렛(F))",수입선어(냉동)
"단기임연수어(냉동,필렛(F))",채소기타
붕어암치(냉동),채소기타
"까지가자미(냉동,필렛(F))",수입선어(냉동)
문절망둑(냉동),채소기타
"타원광삼(건조,자숙)",가공기타
"긴뿔민새우(냉동,살)",새우살
"주꾸미(냉동,자숙)",수산기타
"화살치가자미(냉동,필렛(F))",수입선어(냉동)
새뱅이(염장),가공기타
"개량조개(건조,살,자숙)",가공기타
"소라(냉동,살)",채소기타
"바닷가재(냉동,자숙)",채소기타
"털게(냉동,자숙)",채소기타
"베어다이대게(냉동,자숙)",꽃게(냉동)
왕게(냉동),꽃게(냉동)
"소라(냉동,살,슬라이스(S),포장횟감)",감(냉동)
"작두콩가리맛조개과,Ensis siliqua(냉동)",채소기타
"눈다랑어(냉동,눈살,횟감)",참치
"눈다랑어(냉동,볼살,횟감)",참치
"눈다랑어(냉동,머리살,횟감)",참치
멍게(활),가공기타
"메콩대형메기속,Pangasius pangasius(냉동)",수입선어(냉동)
"보리새우과,Metapenaeus monoceros(냉동,살)",새우살
물천구(건조),가공기타
기타 어육가공품,수입선어(냉동)
창꼴뚜기(염장),가공기타
"정어리(냉동,필렛(F))",채소기타
"북방대합(냉동,살,포장횟감)",감(냉동)
"전복(냉동,살)",전복(냉동)
황다랑어(건조),참치
"만두성게과,Loxechinus albus알(냉동,포장횟감)",패류
개불(냉동),채소기타
"볼락속,Sebastes variabilis(냉동,필렛(F))",채소기타
"갈색볼록새조개(냉동,횟감)",감(냉동)
"홍합(냉동,살)",패류
"바리과,Plectropomus oligacanthus(냉동)",채소기타
캐롤라이나해만가리비(활),패류(냉장)
뿔가자미(냉동),수입선어(냉동)
작은흑조기(냉동),조기
털게(냉동),채소기타
"가자미과,Isopsetta isolepis(냉동,필렛(F))",수입선어(냉동)
"마소치가자미(냉동,필렛(F))",수입선어(냉동)
"뿔가자미(냉동,필렛(F))",수입선어(냉동)
메기(냉동),수입선어(냉동)
"왕게(냉동,자숙)",꽃게(냉동)
"까지가자미속,Lepidopsetta polyxystra(냉동,필렛(F))",수입선어(냉동)
정어리(건조),가공기타
멸치(냉동),채소기타
"대게(냉동,살,자숙)",꽃게(냉동)
"쇠갑오징어(냉동,다리)",오징어(냉동)
맛조개(냉동),채소기타
몽치다래(냉동),채소기타
큰눈이석태(냉동),채소기타
"청어(냉동,곤이)",채소기타
"소라(냉동,살,자숙)",채소기타
참돔(냉동),수입선어(냉동)
"오징어(건조,동체,자숙)",오징어(냉동)
대서양참다랑어(냉장),참치
"알밤문어(냉동,자숙)",수산기타
란체스터징거미새우(냉동),새우
"홍서대(냉동,필렛(F))",채소기타
가물치(냉동),채소기타
바차메기(냉동),수입선어(냉동)
잉어(냉동),채소기타
갠지스동자개(냉동),채소기타
"메콩대형메기속,Pangasius pangasius(건조)",수산기타
"톳(자숙,건조)",가공기타
"홍어(냉동,간)",채소기타
초록담치(냉동),채소기타
"유럽바다가재(냉동,살)",채소기타
무린멸치(건조),건멸치
징거미새우(냉동),새우
아담스백합(활),패류(냉장)
"화살꼴뚜기(냉동,포장횟감)",감(냉동)
"화살꼴뚜기(냉동,슬라이스(S),포장횟감)",감(냉동)
은대구(냉동),수입선어(냉동)
"가리비(건조,개아지살,살,자숙)",패류
"연어(냉동,곤이)",연어(냉동)
"큰가리비(건조,개아지살,살)",패류
"전갱이(냉동,필렛(F))",채소기타
김(건조),가공기타
다슬기(냉동),채소기타
"보라성게알(냉장,횟감)",패류(냉장)
"맛조개(냉동,살)",채소기타
수랑(냉동),채소기타
"은대구(냉동,목살)",수입선어(냉동)
물메기(냉동),수입선어(냉동)
"전갱이(냉동,포장횟감,필렛(F))",감(냉동)
꼬리검정민태(냉동),채소기타
빛금눈돔(냉장),가공기타
민들조개(활),패류(냉장)
밤색무늬조개(활),패류(냉장)
비단조개(활),패류(냉장)
병어(냉장),가공기타
"오징어(냉동,자숙)",오징어(냉동)
"북방도화새우(냉동,살,자숙,횟감)",새우살
"대서양연어알(냉동,알,캐비아대용,포장횟감)",연어(냉동)
"갯장어(냉동,필렛(F))",채소기타
"보리멸(냉동,포장횟감,필렛(F))",양곡류
"곱사연어(냉동,필렛(F))",연어(냉동)
강담돔(활),가공기타
"화살꼴뚜기(냉동,동체,자숙,포장횟감)",감(냉동)
"황색왕게(냉동,자숙,절단)",꽃게(냉동)
"꽃게(냉동,자숙,절단)",꽃게(냉동)
"큰가리비(냉동,개아지살,살,횟감)",패류
거울가오리(냉동),채소기타
가시투성왕게(활),꽃게
물메기(냉장),수산기타
"땅가오리속,Amblyraja radiata(냉동)",채소기타
"깜장북방대합(냉동,살)",채소기타
삼치(냉동),삼치(냉동)
"프로펠러조개(냉동,살)",채소기타
"갈치꼬치과,Lepidopus caudatus(냉동)",갈치(냉동)
"연어알(염장,알,캐비아대용)",연어
곱사연어(냉동),연어(냉동)
연어(냉동),연어(냉동)
"달고기(냉동,필렛(F))",채소기타
큰눈홍감펭(냉동),감(냉동)
"농어(냉동,필렛(F))",채소기타
가리맛조개(활),패류(냉장)
개량조개(활),패류(냉장)
"가시전갱이속,Scomberoides commersonnianus(건조)",가공기타
"민어(냉동,필렛(F))",채소기타
"창꼴뚜기(냉동,다리)",채소기타
북쪽분홍새우(냉동),새우
주름백합(활),패류(냉장)
"날개다랑어(냉동,필렛(F),횟감)",참치
붉은메기(건조),수산기타
전어(냉동),채소기타
"키조개(냉장,개아지살,살)",가공기타
굴(활),굴
"연어알(냉동,알,캐비아대용,포장횟감)",연어(냉동)
"유럽뱀장어(냉동,필렛(F))",채소기타
중국젓새우(건조),새우
"대서양붉은볼락(냉동,필렛(F))",채소기타
마설가자미(냉동),수입선어(냉동)
해삼(활),수산기타
"바지락(건조,살,자숙)",패류
젓새우(냉동),새우
"연어알(냉동,알)",연어(냉동)
반원니꼴뚜기(냉장),가공기타
물치다래(냉동),채소기타
"검정달고기(냉동,필렛(F))",채소기타
알래스카가자미(냉동),수입선어(냉동)
까지가자미(냉동),수입선어(냉동)
"참다랑어(냉동,목살,횟감)",참치
"양볼락(냉동,필렛(F))",채소기타
조피볼락(활),가공기타
"남방살오징어(냉동,다리,자숙)",오징어(냉동)
"연어알(냉동,알,캐비아대용,횟감)",연어(냉동)
"쥐치(냉동,필렛(F))",채소기타
"아메리카대왕오징어(냉동,동체,절단)",오징어(냉동)
백련어(냉동),채소기타
고등어(냉장),고등어
"논고둥(냉동,살,자숙)",패류
붕어(냉동),채소기타
넙치(활),가공기타
"꼴뚜기속,Loligo vulgaris(냉동)",채소기타
"참다랑어(냉동,머리살,횟감)",참치
"참다랑어(냉동,턱살,횟감)",참치
"홍합(냉동,자숙)",패류
대서양대구(냉동),수입선어(냉동)
"북방도화새우(냉동,포장횟감)",새우
"참다랑어(냉동,볼살,횟감)",참치
"남방백합(냉동,살,자숙)",채소기타
하얀입민어(냉동),채소기타
"피조개(냉동,살)",채소기타
자바리(활),가공기타
"아귀(냉장,간)",수산기타
"초록담치(냉동,자숙,한쪽껍질붙은)",채소기타
아메리카창꼴뚜기(냉동),채소기타
큰징거미새우(냉동),새우
병어(냉동),채소기타
바다동자개(냉동),채소기타
"가다랑어(냉동,필렛(F),횟감)",참치
"새조개(냉동,살,포장횟감)",감(냉동)
"조단도화새우(냉동,살,자숙)",새우살
"말똥성게알(냉동,횟감)",패류
"은연어알(냉동,알,캐비아대용,포장횟감)",연어(냉동)
"바닷가재(냉동,살,자숙)",채소기타
"돌기해삼속,Stichopus herrmanni(건조,자숙)",수산기타
객주리(냉동),채소기타
"객주리(냉동,필렛(F))",채소기타
"흉상어속, Carcharhinus limbatus(냉동)",채소기타
"왕게과,Paralomis granulosa(냉동,자숙)",꽃게(냉동)
"북방도화새우(냉동,살,자숙)",새우살
톳(건조),가공기타
"샛멸과,Argentina silus(냉동)",채소기타
말똥성게(활),꽃게
"백합(냉동,자숙)",채소기타
"틸라피아(냉동,필렛(F),횟감)",감(냉동)
검정볼락(냉동),채소기타
"은대구(냉동,슬라이스(S),포장횟감)",수입선어(냉동)
도루묵(냉동),채소기타
알래스카볼락(냉동),채소기타
"볼락속,Sebastes diploproa(냉동)",채소기타
"볼락속,Sebastes helvomaculatus(냉동)",채소기타
"볼락속,Sebastes proriger(냉동)",채소기타
"볼락속,Sebastes elongatus(냉동)",채소기타
"녹새치(냉동,필렛(F),횟감)",참치
"남방살오징어(냉동,다리)",오징어(냉동)
"황다랑어(냉장,필렛(F),횟감)",참치
쥐돔(활),가공기타
"눈다랑어(냉동,목살,횟감)",참치
"황새치(냉동,목살,횟감)",참치
성대(냉동),채소기타
"북쪽분홍새우(냉동,살,포장횟감)",새우살
"임연수어(냉동,가염,필렛(F))",채소기타
주름진두발(건조),럼/진
파랑고등어(냉동),고등어
남미민어(냉동),채소기타
"낙지(냉동,자숙)",낙지(냉동)
남방대구(냉동),수입선어(냉동)
"남방달고기(냉동,필렛(F))",채소기타
보리새우(냉동),새우
"왕밤송이게속,Telmessus cheiragonus(활)",가공기타
"민어과,Macrodon ancylodon(냉동)",채소기타
"화살꼴뚜기(냉동,동체)",채소기타
"큰톱날꽃게(냉동,집게다리,살)",꽃게(냉동)
"흰오징어(냉동,포장횟감)",오징어(냉동)
"멍게(냉동,살,횟감)",감(냉동)
참다랑어(냉장),참치
"북방도화새우(냉동,횟감)",새우
"대롱수염새우(냉동,살)",새우살
"톱날꽃게(냉동,살,자숙)",꽃게(냉동)
무늬바리(냉동),무우
바다빙어(냉동),채소기타
삼각대게(활),꽃게
"참다랑어(냉동,눈살,횟감)",참치
"볼락속,Sebastes entomelas(냉동)",채소기타
"대서양참다랑어(냉장,필렛(F),횟감)",참치
돛새치(건조),참치
참꼴뚜기(냉동),채소기타
"해파리(염장,절단)",가공기타
볼락(냉동),채소기타
드렁허리(활),가공기타
멸치(염장),가공기타
둥근무늬문어(냉동),수산기타
유럽살오징어(냉동),오징어(냉동)
실꼬리돔(냉장),가공기타
"멸치속,Engraulis mordax(염장)",가공기타
"왕밤송이게속,Telmessus cheiragonus(냉동)",채소기타
"청대구속,Micromesistius australis(냉동)",수입선어(냉동)
"한치꼴뚜기(냉동,동체)",채소기타
"아메리카창꼴뚜기(냉동,지느러미)",채소기타
"소라(냉동,자숙)",채소기타
다시마(건조),가공기타
"민대구알(냉동,알)",수입선어(냉동)
"대두갈치(냉동,가염)",갈치(냉동)
"한치꼴뚜기(냉동,슬라이스(S))",채소기타
"한치꼴뚜기(냉동,다리)",채소기타
빨간대구(냉동),수입선어(냉동)
"프로펠러조개(냉동,살,포장횟감)",감(냉동)
"북방검정조개(냉동,살,포장횟감)",감(냉동)
"갑오징어(냉동,포장횟감)",오징어(냉동)
남방참다랑어(냉장),참치
자주복(냉동),수입선어(냉동)
"대게(냉동,살,자숙,포장횟감)",꽃게(냉동)
전갱이(건조),가공기타
"밴댕이속,Sardinella longiceps(건조)",가공기타
"상어류(냉동,지느러미,자숙)",채소기타
농어(냉장),가공기타
가다랑어(냉장),참치
초어(냉동),채소기타
까나리(냉동),채소기타
"꽃젓새우(냉동,포장횟감)",새우
"다시마(절단,염장)",가공기타
"연어(냉동,포장횟감,필렛(F))",연어(냉동)
"아메리카대왕오징어(냉동,동체,횟감)",오징어(냉동)
"가시발새우속,Metanephrops challengeri(냉동)",새우
"가리비(냉동,개아지살,살)",패류
"큰징거미새우(냉동,살)",새우살
"얼룩새우(냉동,자숙)",새우살
"왕연어(냉동,필렛(F))",연어(냉동)
"파타고니아이빨고기(냉동,필렛(F))",파
"인디안꼴뚜기(냉동,슬라이스(S),포장횟감)",감(냉동)
"화살꼴뚜기(냉동,다리)",채소기타
"화살꼴뚜기(냉동,지느러미)",오징어(냉동)
매퉁이(건조),가공기타
"왕게(냉동,살,자숙)",꽃게(냉동)
"날개오징어(냉동,동체,횟감)",오징어(냉동)
"대게(냉동,절단)",꽃게(냉동)
"가리비(냉동,살,자숙,포장횟감)",패류
얼룩납작매미새우(냉동),새우
"갑오징어(냉동,지느러미)",오징어(냉동)
민물가재(냉동),채소기타
"보리멸(냉동,필렛(F))",양곡류
정어리(냉동),채소기타
"뱀장어속,Anguilla australis(냉동)",채소기타
"갈매기조개(냉동,살,포장횟감)",감(냉동)
줄무늬 가물치(건조),가공기타
"바닷가재(냉동,살)",채소기타
메기(건조),수산기타
줄무늬주둥치(건조),가공기타
"은연어(냉동,필렛(F),횟감)",연어(냉동)
"새조개(건조,살,자숙)",가공기타
민물새우(냉동),새우
"가리비과,Amusium pleuronectes(냉동,개아지살,살)",패류
"흰오징어(냉동,동체,포장횟감)",오징어(냉동)
청각(건조),가공기타
"아메리카바다가재(냉동,집게다리,자숙)",채소기타
"아메리카바다가재(냉동,집게다리,살,자숙)",채소기타
"홍어과,Raja clavata(냉동)",채소기타
"붉은발남방가재(냉동,살,자숙)",채소기타
"문어(냉동,슬라이스(S),포장횟감)",수산기타
"연어(냉장,필렛(F),횟감)",연어
"대서양연어(냉장,필렛(F))",연어
"얼룩새우(냉동,횟감)",새우
"날개오징어(냉동,동체)",오징어(냉동)
날개오징어(냉동),오징어(냉동)
"골뱅이(냉동,살,슬라이스(S),포장횟감)",감(냉동)
진두발(건조),럼/진
"민어(냉동,포장횟감,필렛(F))",감(냉동)
"오분자기(냉동,살,자숙)",채소기타
"꼬막(냉동,살,자숙)",채소기타
"청색꽃게(냉동,살,자숙)",꽃게(냉동)
"바나나(열매,신선)",바나나
"망고(열매,신선)",수입망고
"두리안(열매,신선)",과일기타
"바나나(꽃,신선)",바나나
"체리(열매,신선)",체리
과.채가공품,과채기타
"송로버섯(자실체,신선)",버섯기타
"망고스틴(열매,신선)",과일기타
"줄기상추(줄기,건조)",나물기타
"키위(열매,신선)",키위
"흰목이버섯(자실체,건조)",버섯기타(건조)
"멜론(열매,신선)",메론
"무(뿌리,신선)",무우
"양배추(잎,신선)",양채류
"들깨(씨앗,건조)",건과류
"당근(뿌리,신선)",근채류기타
"커피원두(씨앗,건조)",원두커피
생녹용(냉동),건기식기타
"고추(열매,냉동)",고추
"생강/건강(뿌리줄기,건조)",엽채류기타
"계피/육계(줄기껍질,건조)",엽채류기타
"쇠무릅/우슬(뿌리,건조)",무우
"차즈기/자소엽(잎,건조)",엽채류기타
"황기(뿌리,건조)",근채류기타
"생강(뿌리,신선)",근채류기타
"참깨(씨앗,건조)",볶음깨
"표고버섯(자실체,건조)",표고버섯
"대두(씨앗,건조)",두류
"타마린드(열매,건조)",채소기타
"카피르 라임(잎,건조)",엽채류기타
"Galanga galangal(뿌리줄기,신선)",엽채류기타
"숙근초/셜롯(비늘줄기,신선)",양파
핑거루트(뿌리),근채류기타
"고량강(뿌리줄기,신선)",엽채류기타
"아스파라거스(순,신선)",양채류
"아몬드(견과,건조)",견과류
"고추냉이(뿌리,신선)",고추
"엇갈이배추(잎,냉동)",냉동과일
"근대(잎,줄기,냉동)",엽채류기타
"피망(열매,냉동)",파프리카
"호박(열매,냉동)",호박
"도라지/길경(뿌리,신선)",근채류기타
"새송이버섯(자실체,냉동)",새송이 버섯
"느타리(자실체,냉동)",버섯기타
"코코넛(열매,신선)",과일기타
"레몬그라스(줄기,신선)",레몬
"마늘종(꽃줄기,신선)",마늘
"부추(잎,냉동)",엽채류기타
"당근(뿌리,냉동)",근채류기타
파(냉동),파
브로콜리(냉동),양채류
브로콜리(신선),양채류
양파(냉동),양파
"우엉(뿌리,건조)",근채류기타
"마늘종(꽃줄기,냉동)",마늘
"연근(뿌리,냉동)",근채류기타
"마늘(뿌리,냉동)",마늘
"표고버섯(자실체,신선)",표고버섯
"쿨란트로(잎,줄기,신선)",엽채류기타
"노니(열매,냉동)",냉동과일
두류가공품,두류
"호두(견과,건조)",견과류
곡류가공품,양곡류
쌀(씨앗),채소기타
"포도(열매,신선)",수입포도
"블루베리(열매,냉동)",냉동과일
"셀러리악(뿌리,신선)",근채류기타
"앤디브(잎,신선)",엽채류기타
"위트루프(잎,신선)",엽채류기타
"녹두(씨앗,건조)",두류
"파인애플(열매,신선)",파인애플
옥수수(씨앗),옥수수
"캐슈(견과,건조)",견과류
"우엉(뿌리,신선)",근채류기타
보리(씨앗),잡곡류
"토란(줄기,건조)",엽채류기타
"맥문동(뿌리,건조)",근채류기타
"피타야(열매,신선)",과일기타
"호박(열매,건조)",호박
"리마콩(씨앗,건조)",채소기타
"회향(잎, 줄기,신선)",엽채류기타
"치커리(잎,신선)",엽채류기타
"딸기(열매,냉동)",냉동과일
조(씨앗),채소기타
"숙지황(뿌리,건조)",근채류기타
"뽕나무/상백피(뿌리껍질,건조)",무우
"치자나무/치자(열매,건조)",무우
"산사나무/산사(열매,건조)",무우
엉겅퀴/대계(건조),가공기타
"여주(열매,건조)",채소기타
"복령(균핵,건조)",건기식기타
"귤나무/진피(열매껍질,건조)",무우
"Jicama(덩이뿌리,신선)",근채류기타
"흑후추(열매,건조)",채소기타
"이집트콩(씨앗,건조)",두류
"브라질넛(견과,건조)",견과류
"무(뿌리,건조)",무우
"능이버섯(자실체,건조)",버섯기타(건조)
파(신선),파
"얌(뿌리,냉동)",근채류기타
"양송이(자실체,신선)",버섯기타
제비집(건조),가공기타
"마늘(뿌리,건조)",마늘
"밤(열매,신선)",밤
"레몬(열매,신선)",레몬
"유채(전초,냉동)",채소기타
"표고버섯(자실체,냉동)",표고버섯
무(잎),무우
"침향나무/침향(수지가 침착된 수간목,건조)",주방잡화기타
"파스닙(뿌리,신선)",파
"방울양배추(잎,신선)",배
양파(신선),양파
"렌즈콩(씨앗,건조)",두류
"마늘(뿌리,신선)",마늘
"소두구(열매,건조)",채소기타
"양송이(자실체,냉동)",채소기타
"마카다미아(견과,건조)",견과류
"고수(씨앗,건조)",채소기타
귀리(씨앗),잡곡류
현미(씨앗),채소기타
"회향(열매,건조)",채소기타
"도라지/길경(뿌리,건조)",근채류기타
"송이(자실체,냉동)",버섯기타
콩나물(신선),콩나물
"리치(열매,신선)",과일기타
"배추(잎,신선)",배추
"토란(뿌리줄기,냉동)",엽채류기타
"카사바(덩이뿌리,냉동)",근채류기타
"더덕(뿌리,신선)",근채류기타
"당귀(뿌리,건조)",근채류기타
"체리(열매,건조)",체리
밀리타리스 동충하초(건조),가공기타
"배추(잎,냉동)",배추
"양배추(잎,냉동)",냉동과일
"피스타치오(견과,건조)",견과류
"흰후추(열매,건조)",채소기타
"개암(열매,건조)",견과류
"사탕수수(줄기,신선)",엽채류기타
"도토리(열매,건조)",채소기타
"오크라(열매,신선)",과일기타
"밤(열매,냉동)",밤
알리움후커리(신선),채소기타
"동부(씨앗,건조)",두류
"대리석덩이버섯(자실체,신선)",버섯기타
"숙근초/셜롯(비늘줄기,건조)",양파
수수(씨앗),채소기타
"고려엉겅퀴/곤드레(잎,건조)",엽채류기타
"피마자(잎,건조)",엽채류기타
고사리(건조),나물기타
취나물(잎),엽채류기타
녹용(건조),건기식기타
밀(씨앗),양곡류
"호박(열매,신선)",과일기타
"비둘기콩(씨앗,건조)",채소기타
"국화/감국(꽃,건조)",가공기타
"마/산약(뿌리줄기,건조)",엽채류기타
"감귤(열매,신선)",감귤
퀴노아(씨앗),채소기타
파(건조),파
"다래나무(순,건조)",가공기타
"오미자(열매,건조)",채소기타
"판다누스(잎,신선)",엽채류기타
그린콩풋콩(냉동),채소기타
"Ceylon cinnamon(줄기껍질,건조)",엽채류기타
"고추(씨앗,건조)",고추가루
"호박씨(씨앗,건조)",견과류
"라임(열매,신선)",과일기타
"호로파(잎,건조)",파
"홀리바질(잎,신선)",엽채류기타
"목이버섯(자실체,건조)",버섯기타(건조)
"완두(씨앗,건조)",두류
"고추(열매,건조)",고추가루
"파파야(열매,신선)",과일기타
"팥(씨앗,건조)",두류
"천궁(뿌리줄기,건조)",엽채류기타
"피칸(견과,건조)",견과류
"사철쑥/인진호(지상부,건조)",럼/진
"질경이(씨앗껍질,건조)",장건강
"양상추(잎,신선)",양채류
"보리수나무(열매,냉동)",양곡류
"능이버섯(자실체,냉동)",버섯기타
"산초(열매,건조)",채소기타
"자주양배추/콜리플라워(꽃봉오리,냉동)",냉동과일
"포도(열매,건조)",수입포도
"드럼스틱(잎,건조)",엽채류기타
"구기자(열매,건조)",채소기타
기장(씨앗),잡곡류
"호로파(씨앗,건조)",파
"불로초(자실체,건조)",건기식기타
"헛개나무(열매,건조)",무우
"Pummelo(열매,신선)",과일기타
"감자(덩이줄기,신선)",감
"산딸기(열매,냉동)",냉동과일
"둥굴레(뿌리줄기,건조)",굴
두릅(냉동),채소기타
고사리(냉동),엽채류기타
"우엉(뿌리,냉동)",근채류기타
"아욱(잎,냉동)",엽채류기타
"정향(꽃봉오리,건조)",향신료
"곰보버섯(자실체,건조)",버섯기타(건조)
양파(건조),양파
"잿빛만가닥버섯(자실체,건조)",버섯기타(건조)
"대마/마인(씨앗,건조)",슬라이스햄
리크(신선),채소기타
"땅콩(견과,신선)",견과류
"자주양배추/콜리플라워(꽃봉오리,건조)",가공기타
"계피/계지(가지,건조)",향신료
Emmer(씨앗),파
멥쌀(씨앗),채소기타
"병풀(잎,건조)",엽채류기타
"강황(뿌리,건조)",근채류기타
"상추(잎,건조)",엽채류기타
"대추(열매,건조)",대추
"장미(꽃잎,건조)",엽채류기타
"겨자(씨앗,건조)",채소기타
"더덕(뿌리,건조)",근채류기타
"창출(뿌리줄기,건조)",엽채류기타
가시오갈피(건조),건기식기타
"쿠민(씨앗,건조)",채소기타
"바라밀(열매,냉동)",가공기타
"완두(씨앗,냉동)",채소기타
"무화과(열매,건조)",무우
"나무딸기(열매,냉동)",냉동과일
"세이터(열매,냉동)",냉동과일
"블루베리(열매,신선)",과일기타
"연/연자육(씨앗,건조)",채소기타
"셀러리(씨앗,건조)",채소기타
"해바라기씨(씨앗,건조)",견과류
"진흙버섯(자실체,건조)",버섯기타(건조)
"단삼(뿌리,건조)",근채류기타
"강낭콩(씨앗,건조)",두류
"가시연꽃(씨앗,건조)",채소기타
"생강/건강(뿌리줄기,신선)",엽채류기타
"자몽(열매,신선)",자몽
"작약(뿌리,건조)",근채류기타
"바닐라(열매,신선)",과일기타
"레몬그라스(줄기,냉동)",냉동과일
"익모초(지상부,건조)",건기식기타
"무(뿌리,냉동)",무우
"람부탄(열매,냉동)",냉동과일
"라벤더(꽃,건조)",가공기타
"송로버섯(자실체,냉동)",버섯기타
"카카오원두(씨앗,건조)",채소기타
"커리잎나무(잎,건조)",무우
"판다누스(잎,건조)",엽채류기타
스타아니스/팔각회향(건조),향신료
"라디치오(잎,신선)",엽채류기타
"양송이(자실체,건조)",가공기타
"목이버섯(자실체,냉동)",버섯기타
"나한과(열매,건조)",채소기타
"월계수(잎,건조)",엽채류기타
"잇꽃(씨앗,건조)",채소기타
"가시여지(잎,건조)",엽채류기타
"니파야자(순,건조)",가공기타
"천마(뿌리,건조)",근채류기타
"감초(뿌리,건조)",감
"고려엉겅퀴/곤드레(잎,냉동)",엽채류기타
"아마(씨앗,건조)",채소기타
"왕느릅나무/유백피(나무껍질,건조)",가공기타
오크칩,가공기타
"그물버섯(자실체,건조)",버섯기타(건조)
"삽주(백출)(뿌리줄기,건조)",엽채류기타
"바나바(잎,건조)",엽채류기타
"멕시칸치아(씨앗,건조)",채소기타
"연(수술,건조)",가공기타
"후추(열매,건조)",채소기타
파로(씨앗),파
"대추야자(열매,건조)",채소기타
"고수(열매,건조)",채소기타
"양까막까치밥나무(열매,냉동)",냉동과일
"카사바(덩이뿌리,건조)",근채류기타
"냉이(잎,냉동)",엽채류기타
"땅콩(견과,건조)",견과류
호밀(씨앗),가공기타
"바닐라(씨앗,건조)",채소기타
"만삼/당삼(뿌리,건조)",근채류기타
"복분자(열매,건조)",채소기타
"겨자무(뿌리,냉동)",무우
누에고치,가공기타
"꾀꼬리버섯(자실체,냉동)",버섯기타
"오크라(열매,냉동)",냉동과일
땅콩 또는 견과류가공품,견과류
로즈마리(건조),가공기타
"돼지감자(덩이줄기,건조)",감
서류가공품,감자
"칡/갈근(뿌리,건조)",근채류기타
"고추냉이(뿌리,냉동)",고추
"광귤나무/지각(열매,건조)",무우
"사탕수수(줄기,냉동)",엽채류기타
"박(열매,건조)",채소기타
"들깻잎(잎,냉동)",엽채류기타
"상추(줄기,건조)",엽채류기타
"덩굴월귤(열매,냉동)",굴(냉동)
"그물버섯(자실체,냉동)",버섯기타
"오갈피나무/오가피(껍질,건조)",가공기타
"소나무(꽃가루,건조)",가공기타
"당근(뿌리,건조)",근채류기타
"청경채(잎,냉동)",엽채류기타
"결명자(열매,건조)",채소기타
"약쑥(잎,건조)",엽채류기타
"고수(잎,신선)",엽채류기타
"지황(뿌리,건조)",근채류기타
겨우살이/곡기생(건조),가공기타
"약모밀/어성초(지상부,건조)",가공기타
"노니(열매,건조)",채소기타
"지치/자근(뿌리,건조)",근채류기타
"고구마(줄기,건조)",엽채류기타
"용안/용안육(헛씨껍질(가종피),냉동)",채소기타
"레드커런트(열매,냉동)",냉동과일
"아스파라거스(순,냉동)",파
"육두구(씨앗,건조)",채소기타
향신료조제품,향신료
"풀버섯(자실체,냉동)",버섯기타
프로폴리스(건조),주방잡화기타
"두충(수피,건조)",가공기타
"복사(열매,냉동)",냉동과일
"옥수수수염/옥촉서예(암술대,건조)",가공기타
"박하(지상부,건조)",가공기타
폴리스티렌,주방잡화기타
"바나나(열매,냉동)",냉동과일
"로메인상추(잎,신선)",엽채류기타
"잣(씨앗,냉동)",채소기타
"은행(견과,냉동)",견과류
"드럼스틱(씨앗,건조)",채소기타
"치커리(뿌리,건조)",근채류기타
"패션프루트(열매,냉동)",냉동과일
"곰보버섯(자실체,신선)",버섯기타
"생강(뿌리,건조)",근채류기타
"칡/갈화(꽃봉오리,건조)",가공기타
"강낭콩(씨앗,냉동)",채소기타
"시금치(잎,줄기,냉동)",시금치
"민들레/포공영(전초,건조)",건기식기타
"용안/용안육(헛씨껍질(가종피),건조)",가공기타
"마가목열매(열매,건조)",채소기타
"울금(덩이뿌리,냉동)",근채류기타
"참취(잎,건조)",엽채류기타
"테프(씨앗,건조)",채소기타
율무(씨앗),무우
"잣(씨앗,신선)",채소기타
메밀(씨앗),잡곡류
"꾀꼬리버섯(자실체,건조)",버섯기타(건조)
"초석잠(뿌리,건조)",근채류기타
"파비플로라생강뿌리(뿌리,한시적원료)",파
식용개구리(냉장),가공기타
"산수유(열매,건조)",채소기타
"무/내복자(씨앗,건조)",무우
"구기자나무/지골피(뿌리,건조)",무우
"산조인(씨앗,건조)",채소기타
"달맞이꽃(씨앗,건조)",채소기타
"포도(열매,냉동)",냉동과일
"무화과(열매,냉동)",냉동과일
"바나나(열매,건조)",바나나
"리치(열매,냉동)",냉동과일
"자두(열매,건조)",자두
"고구마(줄기,냉동)",엽채류기타
"모과(열매,건조)",채소기타
"상추(잎,신선)",엽채류기타
"Finger millet(씨앗,건조)",채소기타
"황금(뿌리,건조)",근채류기타
"곶감(열매,건조)",감
녹각(건조),가공기타
"백미후추(열매,건조)",파
"당아욱(잎,건조)",엽채류기타
"당아욱(꽃,건조)",가공기타
"밀크씨슬(씨앗,건조)",간건강
"사인(씨앗,건조)",채소기타
"더덕(뿌리,냉동)",근채류기타
"캐러웨이(씨앗,건조)",채소기타
"육두구(헛씨껍질(가종피),건조)",가공기타
"송이(자실체,건조)",가공기타
"송로버섯(자실체,건조)",버섯기타(건조)
"작두콩풋콩(꼬투리,건조)",가공기타
"가는잎미선콩(씨앗,건조)",엽채류기타
"깔라몬딘 오렌지(열매,냉동)",냉동과일
"인동덩굴/금은화(꽃,건조)",굴
"적작약(뿌리,건조)",근채류기타
아조완(열매),채소기타
"생강(뿌리,냉동)",근채류기타
"서양자초(씨앗,건조)",채소기타
"호두(견과,신선)",견과류
"뽕나무(잎,건조)",무우
"피스타치오(견과,신선)",견과류
"고춧잎(잎,건조)",고추가루
"마조람(잎,건조)",엽채류기타
"고구마(덩이뿌리,냉동)",근채류기타
"멜로골드(열매,신선)",과일기타
"금불초/선복화(꽃,건조)",가공기타
"기름골(덩이줄기,건조)",엽채류기타
"사상자(열매,건조)",채소기타
"뿔나팔버섯(자실체,건조)",버섯기타(건조)
"바질(씨앗,건조)",채소기타
"블랙커민(씨앗,건조)",채소기타
"인디안 베이리프(잎,건조)",엽채류기타
"피망(열매,건조)",파프리카
"울금(덩이뿌리,건조)",근채류기타
"잔대/사삼(뿌리,건조)",근채류기타
"레몬그라스(잎,신선)",레몬
잉카피넛(열매),채소기타
"몰약(수지,건조)",주방잡화기타
"노루궁뎅이버섯(자실체,건조)",버섯기타(건조)
"토란(잎,건조)",엽채류기타
"말굽버섯(자실체,건조)",버섯기타(건조)
"서양호박(열매,신선)",과일기타
통카콩(건조),가공기타
"모시풀(잎,냉동)",엽채류기타
"Galanga galangal(뿌리줄기,건조)",엽채류기타
"부추(잎,신선)",엽채류기타
"가지(열매,건조)",채소기타
인삼/홍삼(건조),건기식기타
제비집(냉동),채소기타
"석류(열매,신선)",수입석류
"키위(씨앗,건조)",키위
메뚜기(냉동),채소기타
삼백초(건조),가공기타
"모시대/제니(뿌리,건조)",근채류기타
"토사자(씨앗,건조)",채소기타
"개산초(열매,건조)",채소기타
아니스(건조),가공기타
"음나무/해동피(수피,건조)",가공기타
"은행(견과,신선)",견과류
"하수오(덩이뿌리,건조)",근채류기타
"필발(열매,건조)",채소기타
"헛개나무(열매,냉동)",냉동과일
"High-bush blueberry(열매,신선)",과일기타
"스위티(열매,신선)",과일기타
"다래(열매,냉동)",냉동과일
"방울양배추(잎,냉동)",냉동과일
흰서양송로(신선),채소기타
"봉출(뿌리줄기,건조)",엽채류기타
"Black gram(건조,씨앗)",채소기타
고무제,주방잡화기타
"노간주나무(열매,건조)",무우
인삼/수삼(신선),채소기타
"인동덩굴/인동(잎,줄기,건조)",굴
"천문동(덩이뿌리,건조)",근채류기타
"감(열매,신선)",감
"꿀풀/하고초(꽃대,건조)",가공기타
"송이(자실체,신선)",버섯기타
"약쑥(잎,냉동)",엽채류기타
"비트(뿌리,신선)",근채류기타
"창이자(열매,건조)",채소기타
"잔대/사삼(뿌리,신선)",근채류기타
"쑥부쟁이(잎,건조)",엽채류기타
"연/하엽(잎,건조)",엽채류기타
"고추냉이(줄기,냉동)",고추
"망고스틴(열매,냉동)",냉동과일
"오미자(열매,냉동)",냉동과일
"오갈피나무(열매,냉동)",냉동과일
"갈대/노근(뿌리줄기,건조)",엽채류기타
화분,가공기타
"다래(열매,건조)",채소기타
"바질(잎,신선)",엽채류기타
"앵두(열매,건조)",채소기타
"비름(순,건조)",가공기타
"고추냉이(잎,건조)",고추가루
"라임(열매,냉동)",냉동과일
"레몬그라스(줄기,건조)",레몬
"키위(열매,냉동)",냉동과일
"자두(열매,냉동)",냉동과일
"포도(잎,건조)",수입포도
"회화나무/괴각(열매,건조)",무우
"능이버섯(자실체,신선)",버섯기타
"구아바(잎,건조)",엽채류기타
"로케트(잎,신선)",엽채류기타
"스테비아(잎,건조)",엽채류기타
"줄기상추(줄기,신선)",엽채류기타
"블랙베리(열매,냉동)",냉동과일
"레몬머틀(잎,건조)",레몬
"자주양배추/콜리플라워(꽃봉오리,신선)",배
"비파/비파엽(잎,건조)",무우
"한속단(뿌리,건조)",근채류기타
"시금치(잎,줄기,신선)",시금치
"핑거라임(열매,냉동)",냉동과일
신선편의식품,과일기타
"포트마리골드(꽃,건조)",눈건강
"동아(열매,냉동)",냉동과일
"서양호박(열매,냉동)",냉동과일
"마가목(나무껍질,건조)",가공기타
"곰보버섯(자실체,냉동)",버섯기타
"캐롭(꼬투리,건조)",가공기타
"탱자(열매,건조)",채소기타
"바라밀(열매,건조)",가공기타
"겨자무(뿌리,건조)",고추가루
"배암차즈기(잎,건조)",배
해당화/매괴화(꽃봉오리),가공기타
"보리(싹,건조)",양곡류
"Galanga galangal(뿌리줄기,냉동)",엽채류기타
"비트(뿌리,건조)",근채류기타
"뿔목이(자실체,건조)",가공기타
"Saigon cinnamon(줄기껍질,건조)",엽채류기타
"차가버섯(자실체,건조)",버섯기타(건조)
"레몬(열매,건조)",레몬
"배(열매,건조)",배
"망태버섯(자실체,건조)",버섯기타(건조)
"타임(잎,건조)",엽채류기타
"쥐오줌풀/길초근(뿌리,건조)",근채류기타
대두풋콩(냉동),두류
"잠두(씨앗,건조)",채소기타
"과라나(씨앗,건조)",채소기타
"참취(잎,냉동)",엽채류기타
"나도팽나무버섯(자실체,냉동)",무우
"타히보(껍질,건조)",가공기타
금속제,칼
무착색유리제(가열조리용),주방잡화기타
불소수지,후라이팬
폴리프로필렌,주방잡화기타
폴리아세탈,주방잡화기타
폴리에틸렌,일회용품
아크릴로니트릴-스티렌 공중합체,조리기구
도자기제,도자기/글라스
폴리에틸렌테레프탈레이트,주방잡화기타
나무제,조리보조용품(가젯)
아크릴로니트릴-부타디엔-스티렌 공중합체,조리기구
무착색유리제,보온보냉/물병
폴리아미드,조리기구
에틸렌-초산비닐 공중합체,주방잡화기타
폴리우레탄,조리보조용품(가젯)
법랑,주방잡화기타
옹기류,글라스/크리스탈
종이제,일회용품
폴리염화비닐리덴,일회용품
폴리락타이드,커피용품
폴리염화비닐,주방잡화기타
"폴리시클로헥산-1,4-디메틸렌테레프탈레이트",보온보냉/물병
무착색유리제(납함유크리스탈),글라스/크리스탈
천연재질,주방잡화기타
아크릴수지,접시류
착색유리제(가열조리용),주방잡화기타
멜라민수지,주방잡화기타
폴리카보네이트,저장/밀폐용기
에폭시수지,주방잡화기타
착색유리제,글라스/크리스탈
경화폴리에스터수지,주방잡화기타
폴리메타크릴스티렌,주방잡화기타
페놀수지,조리보조용품(가젯)
폴리메틸펜텐,조리기구
가공셀룰로스제,주방잡화기타
폴리부틸렌테레프탈레이트,글라스/크리스탈
폴리페닐렌설파이드,수저/양식기
전분제,가공전분
가공김(조미김 또는 구운김),조미전장김
폴리이미드,조리기구
폴리에테르설폰,저장/밀폐용기
폴리아릴설폰,주방잡화기타
폴리에테르에테르케톤,주방잡화기타
히드록시부틸폴리에스테르,주방잡화기타
착색유리제(납함유크리스탈),글라스/크리스탈
폴리케톤,소형가전
"무착색유리제(가열조리용, 납함유크리스탈)",주방잡화기타
폴리페닐렌에테르,소형가전
이오노머수지,일회용품
메틸메타크릴레이트-아크릴로니트릴-부타디엔-스티렌 공중합체,조리기구
과자,크래커
폴리부틸렌아디페이트테레프탈레이트,랩
EPA 및 DHA 함유 유지,혈행건강
"영양소,기능성복합제품",건기식기타
복합기능성제품,건기식기타
프로바이오틱스,장건강
옥타코사놀 함유 유지,건기식기타
포스파티딜세린,인지개선
밀크씨슬(카르두스 마리아누스) 추출물,간건강
콜레우스포스콜리 추출물,다이어트
"뮤코다당,단백",뼈관절건강
은행잎 추출물,혈행건강
단백질,단백질보충용(파우더)
홍경천 추출물,가공기타
알로에 겔,건기식기타
녹차추출물,건기식기타
프로폴리스추출물,꿀.면역
크레아틴,단백질보충용(파우더)
마리골드꽃추출물,눈건강
비타민D,종합비타민
감마리놀렌산 함유 유지,혈행건강
콘드로이친 황산염(제2020-1호),가공기타
코엔자임Q10,혈행건강
칼슘,가공기타
마그네슘,종합비타민
아연,종합비타민
홍국,건기식기타
차전자피식이섬유,장건강
셀레늄(또는 셀렌),가공기타
UREX 프로바이오틱스(제2014-27호),장건강
풋사과추출물 애플페논(Applephenon)(제2020-9호),가공기타
헤마토코쿠스 추출물,눈건강
"엠에스엠(MSM, Methyl sulfonylmethane, 디메틸설폰)",뼈관절건강
식이섬유,장건강
스피루리나,건기식기타
단삼주정추출분말(SAGX)(제2025-16호),가공기타
루테인지아잔틴복합추출물(제2018-4호),눈건강
마리골드꽃추출물(제2026-9호),눈건강
자일리톨(제2004-2호),가공기타
바나바잎 추출물,건기식기타
가르시니아캄보지아 추출물,다이어트
아라비아검(아카시아검),가공기타
콘드로이친황산염(제2025-63호),가공기타
대두배아유산균발효물(SE5-OH)(제2025-20호),두류
Lactobacillus gasseri BNR17(제2017-6호),가공기타
저분자유청펩타이드(제2024-29호),기타유제품류
글루코사민,뼈관절건강
L-카르니틴 타르트레이트(제2012-19호),가공기타
이눌린/치커리추출물,가공기타
유단백추출물(제2015-16호),가공기타
난각막분말(DEMⓇ)(제2023-35호),가공기타
쏘팔메토 열매 추출물,건기식기타
마르멜로추출물(제2025-64호),가공기타
마리골드꽃주정추출물(지아잔틴함유)(제2025-70호),눈건강
공액리놀레산,다이어트
난소화성말토덱스트린,가공전분
토마토추출물,가공기타
필수 지방산,가공기타
폴리감마글루탐산,주방잡화기타
식물스테롤,가공기타
대두이소플라본,두류
크롬,가공기타
구아검/구아검가수분해물,가공기타
나이아신,가공기타
유크림농축분말(제2023-42호),기타유제품류
프로바이오틱스(드시모네)(제2009-28호),장건강
베타카로틴,가공기타
귀리식이섬유,장건강
정어리펩타이드SP100N(제2004-1호),가공기타
유단백가수분해물,가공기타
피카오프레토 분말 등 복합물(제2010-28호),가공기타
쏘팔메토열매추출물등복합물(제2008-79호),건기식기타
회화나무열매추출물,무우
보이차추출물(제2014-7호),기타과즙음료(실온)
루테인지아잔틴추출복합물(제2025-35호),눈건강
키토산/키토올리고당,시럽
프락토올리고당,시럽
자일로올리고당 분말(제2009-80호),시럽
폴리코사놀-사탕수수 왁스알코올(제2006-4호),주방잡화기타
저분자콜라겐펩타이드(제2013-30호),콜라
곤약감자추출물,가공기타
루바브뿌리추출물(제2019-6호),근채류기타
"NAG(엔에이지, N-아세틸글루코사민, N-Acetylglucosamine)",뼈관절건강
피롤로퀴놀린퀴논이나트륨염(NOVAQ)(제2025-56호),가공기타
라임카카오추출복합물(제2025-68호),가공기타
솔잎증류농축액(제2012-30호),엽채류기타
비타민A,종합비타민
어유,혈행건강
피크노제놀-프랑스해안송껍질추출물(제2006-1호),가공기타
스페인감초추출물(제2014-4호),가공기타
저분자 피쉬 콜라겐 펩타이드 (Naticol® BPMG)(제2023-25호),콜라
망간,가공기타
비타민 B12,종합비타민
비타민 B1,종합비타민
유산균복합물(AB-LIFE®)(제2022-15호),가공기타
라피노스,가공기타
강황추출물(터마신)(제2014-2호),가공기타
호박씨추출물 등 복합물(제2014-43호),견과류
마리골드꽃추출물(지아잔틴함유)(제2025-7호),눈건강
블랙커민추출물(FJ)(제2025-3호),가공기타
스페인감초추출물(제2019-7호),가공기타
마리골드꽃추출물(지아잔틴함유)(제2024-25호),눈건강
리스펙타(Respecta®) 프로바이오틱스(제2019-26호),장건강
피쉬 콜라겐펩타이드(제2019-12호),콜라
석류농축액(제2014-22호),가공기타
Bifidobacterium breve B-3 프로바이오틱스(제2023-2호),장건강
클로렐라,가공기타
Bacillus coagulans SNZ 1969 프로바이오틱스(제2023-34호),장건강
철,가공기타
에키네시아추출물(제2024-3호),가공기타
아쉬아간다 추출물(Shoden®)(제2022-27호),가공기타
루테인지아잔틴복합추출물(제2018-11호),눈건강
자몽추출물등 복합물(Sinetrol)(제2019-24호),가공기타
나한과박추출분말(DKB131)(제2024-22호),가공기타
파크랜크랜베리분말(제2014-34호),가공기타
알콕시글리세롤 함유 상어간유,가공기타
스쿠알렌,가공기타
밀식이섬유,장건강
Lactiplantibacillus plantarum TWK10 프로바이오틱스(제2022-32호),장건강
나토균배양분말(제2012-7호),가공기타
요오드,가공기타
구아바잎 추출물,엽채류기타
올리고당,물엿
비타민 B6,종합비타민
달맞이꽃종자 추출물,가공기타
홍삼,건기식기타
락추로스 파우더(제2009-40호),가공기타
칼륨,럼/진
크릴오일등복합물(FlexPro MD®)(제2022-39호),기타유지류
레몬버베나추출물 등 복합물(제2022-13호),가공기타
빌베리 추출물,가공기타
가다랑어 엘라스틴 펩타이드(VGPG Elastin®)(제2022-38호),참치
인삼,가공기타
PME-88 메론추출물(제2008-9호),가공기타
그린커피빈주정추출물(제2018-6호),커피음료
파비플로라생강뿌리추출물(제2024-14호),파
유산균발효굴추출물(제2024-26호),굴
발효굴추출물(제2023-39호),굴
돈태반발효추출물(제2019-31호),가공기타
루테인지아잔틴복합추출물(제2013-23호),눈건강
그린커피빈추출물(제2014-31호),커피음료
판토텐산,가공기타
비즈왁스알코올(제2010-1호),가공기타
강황추출물(제2025-51호),가공기타
로즈힙분말(제2013-1호),가공기타
보스웰리아추출물(제2024-15호),가공기타
양춘사추출물(제2023-6호),가공기타
엽록소 함유 식물,가공기타
식물스테롤에스테르,가공기타
저분자돈태반펩타이드(제2025-29호),가공기타
초록입홍합추출오일(제2009-49호),패류
꾸지뽕잎추출물(제2021-16호),엽채류기타
미역 등 복합추출물(잔티젠)(제2013-10호),가공기타
옥수수배아추출물(제2014-8호),가공기타
마카젤라틴화분말(제2011-7호),가공기타
저분자콜라겐펩타이드(제2023-14호),콜라
병풀추출분말(제2021-24호),가공기타
모로오렌지추출분말(제2025-25호),가공기타
프로폴리스망고스틴껍질복합물(제2025-13호),조리기구
대두식이섬유,장건강
호로파종자추출물(제2019-15호),가공기타
시서스추출물(제2018-14호),가공기타
마키베리추출물(제2025-8호),가공기타
로즈마리추출물등복합물(제2021-18호),가공기타
비타민K,종합비타민
표고버섯균사체(제2008-78호),표고버섯
와일드망고 종자추출물(IGOB131)(제2015-14호),가공기타
천심련추출물(ParActin®)(제2022-3호),가공기타
마늘,가공기타
동충하초 유래 P. hepiali 균사체(Cs-4) 추출물(제2011-16호),가공기타
CMO 함유 FAC(제2014-26호),가공기타
영지버섯균사체추출분말(제2024-8호),건기식기타
포도씨 효소분해 추출 분말(제2013-9호),가공기타
타마린드강황주정추출복합물(TamaFlex®)(제2024-12호),가공기타
팔밋올레산 함유 명태(알래스카폴락)유래 정제어유(제2024-18호),명태
루테인지아잔틴추출복합물(제2021-21호),눈건강
난각막가수분해물(제2024-9호),가공기타
로즈마리자몽추출복합물(제2019-25호),가공기타
루바브뿌리추출물(제2022-28호),근채류기타
루테인지아잔틴복합추출물(제2019-16호),눈건강
유산균발효대두분말(제2024-38호),두류
영지버섯 자실체 추출물,건기식기타
다이크로스타키스 글로메라타 추출물(Dyglomera®)(제2023-36호),가공기타
기장밀추출복합물(Keranat™)(제2024-16호),양곡류
기타식물성유지,기타유지류
매실추출물,가공기타
다이크로스타키스 글로메라타 추출물(Dyglomera®)(제2023-9호),가공기타
호로파종자식이섬유,장건강
지방산복합물 FAC(Fatty Acid Complex)(제2012-16호),가공기타
가시오갈피등복합추출물(제2013-25호),건기식기타
CaHMB(Calcium β-Hydroxy-β-methylbutyrate)(제2023-26호),가공기타
당귤농축분말(ROCH)(제2023-44호),가공기타
알로에 전잎,엽채류기타
과.채주스,과채즙류
Collactive콜라겐펩타이드(제2012-24호),콜라
콜레우스 포스콜리 추출물(제2012-5호),가공기타
밀전분유래난소화성말토덱스트린(제2011-6호),조제분유
김치,기타김치
소스,동남아소스
빵류,일반빵
혼합식용유,기타유지류
숙면,스파게티
인스턴트커피,인스턴트커피믹스
조제커피,커피음료
절임식품,절임류
건면,국수
땅콩버터,버터
건어포,어포류
양조간장,양조간장
마가린,마아가린
초콜릿가공품,판초콜렛
과실주,과실주
잼,딸기(잼)
덱스트린,가공전분
들기름,들기름
어묵,국탕용어묵
전분가공품,가공전분
청주,청주
소주,소주지
일반증류주,기타주류
탄산수,탄산수
가공소금,과세소금
곤충가공식품,기타냉동식품
캔디류,"젤리,푸딩"
설탕,설탕
탄산음료,과즙탄산
조미건어포,오징어
연육,맛살(일반)
"정제,가공을거쳐야하는식품원료",가공기타
리큐르,리큐르
기타 주류,기타주류
추잉껌,껌
인삼.홍삼음료,건기식기타
정제소금,면세소금
위스키,수입위스키
콩기름(대두유),대두유
조미액젓,액젓
액젓,액젓
음료베이스,포도음료(실온)
발효식초,식초
청국장,낫또
밀가루,밀가루
유탕면,봉지면(일반)
혼합장,혼합장
과.채음료,토마토음료
전분,가공전분
맥주,수입맥주캔
조림류,두류
브랜디,브랜디/아르마냑
빙과,막대아이스크림
액상커피,커피음료
영양강화 밀가루,밀가루
김칫속,가공기타
당시럽류,시럽
기타소금,면세소금
가공유지,기타유지류
올리브유,올리브유
기타 코코아가공품,코코아가공
당절임,절임류
효모음료,기타과즙음료(실온)
액상차,액상차
카레(커리),카레짜장
코코아매스,코코아가공
가공두부,두부(기타)
산분해간장,양조간장
혼합음료,기타과즙음료(실온)
떡류,냉장떡류
묵류,곤약
된장,된장
가공두유,기타유제품류
마요네즈,마요네즈
화이트초콜릿,판초콜렛
밀크초콜릿,판초콜렛
초콜릿,판초콜렛
체중조절용 조제식품,다이어트
주정,기타주류
토마토케첩,케찹
즉석조리식품,즉석조리식품
양념젓갈,젓갈류
기타잼,딸기(잼)
천일염,면세소금
물엿,물엿
만두,교자만두
코코아분말,코코아가공
기타발효음료,기타과즙음료(실온)
준초콜릿,판초콜렛
찐쌀,양곡류
기타엿,가공기타
탁주,탁주
유바,두부(기타)
미강유(현미유),기타유지류
벌꿀,꿀.면역
포도당,설탕
로열젤리,꿀.면역
희석초산,가공기타
참기름,참기름
생면,국수
채종유(유채유 또는 카놀라유),카놀라유
한천,가공기타
해바라기유,해바라기유
과당,설탕
두부,두부
만두피,교자만두
추출가공식품,가공기타
성장기용조제식,가공기타
영.유아용 이유식,기타이유식
유산균음료,기타과즙음료(실온)
카레(커리)분,카레짜장
화분함유제품,가공기타
한식된장,된장
옥수수기름(옥배유),기타유지류
코코아버터,가공초콜렛
고춧가루,가공기타
젓갈,젓갈류
개량메주,기타 장류
홍화유(사플라워유 또는 잇꽃유),가공기타
벌집꿀,꿀.면역
어육반제품,수입선어(냉동)
기타설탕,시럽
기타식육 또는 기타알,수입가공
춘장,가공기타
올리고당가공품,시럽
효소식품,가공기타
팜올레인유,기타유지류
영아용조제식,가공기타
팜핵유,기타유지류
연하곤란자용 점도조절 식품,가공기타
재제소금(재제조소금),면세소금
땅콩기름(낙화생유),기타유지류
선천성 대사질환자용 식품,건강/약용류
영.유아용 특수조제식품,가공기타
기타과당,가공기타
원액두유,가공기타
즉석섭취식품,즉석조리식품
모조치즈,경성치즈
로열젤리제품,가공기타
고추씨기름,기타유지류
태움.용융소금,면세소금
알함유가공품,튀김류
혼합간장,양조간장
자라분말,가공기타
자라유제품,가공기타
기타장류,가공기타
환자용식품,가공기타
기타 건포류,기타치즈
커피(기타),커피음료
콜라겐,콜라
농축과.채즙(또는 과채분),가공기타
간편조리세트,국수
고추장,고추장
목화씨기름(면실유),기타유지류
가공화분,가공기타
추출들깨유,가공기타
생식제품,가공기타
어육소시지,기타소시지
사양벌집꿀,가공기타
한식간장,양조간장
고령자용영양조제식품,가공기타
팜유,기타유지류
시리얼류,가공기타
약주,약주
기타동물성유지,기타유지류
